username,tweet
zxzxxxz,"Dalam kesempatan itu, Gus Miftah turut hadir untuk memberikan Tausiyah Ramadhan dan juga sebagai imam salat berjamaâ€¦ https://t.co/k4udQPHeik"
zxzxxxz,"dalam acara Silaturahmi Ramadan 4 Ketum Parpol dengan Presiden Jokowi yang diadakan di Kantor DPP PAN, Minggu (2/4/â€¦ https://t.co/7tWczKdEh0"
pyylahh,"Di luar tiga besar dalam bursa capres, sejumlah nama diperkirakan akan bersaing untuk memperebutkan tiket calon wakâ€¦ https://t.co/rpGNKpLlqd"
pyylahh,"""Sebelumnya Ganjar merupakan figur yang paling kuat mendapatkan dukungan dari Presiden Jokowi sebagai penerus kepemâ€¦ https://t.co/79R5sg0FEl"
pyylahh,"Kata dia, publik menilai pernyataan Ganjar yang menolak kehadiran tim Israel bertentangan dengan tekad Presiden Jokâ€¦ https://t.co/Euik9R6MT7"
siti komariah,"Menhan Prabowo mendampingi Presiden Jokowi bersama Kepala BIN, Menteri Investasi / /Kepala Badan Koordinasi Penanamâ€¦ https://t.co/EpeoMcIPWi"
siti komariah,Papua â€“ Menteri Pertahanan (Menhan) Prabowo Subianto mendampingi Presiden RI Joko Widodo melakukan kunjungan kerjaâ€¦ https://t.co/t8R2HBx1eO
siti komariah,"Menhan Prabowo Dampingi Presiden Jokowi ke Papua, Resmikan Gedung Papua Youth Creative Hub dan Ratas

#PrabowoMenyapa
#IkutPakde"
siti komariah,Menteri Pertahanan (Menhan) Prabowo Subianto menghadiri Penyerahan Zakat dari Presiden RI Joko Widodo kepada kepadaâ€¦ https://t.co/vC46gycisC
siti komariah,"Menhan Prabowo Hadiri Penyerahan Zakat dari Presiden Jokowi ke Baznas

#PrabowoMenyapa
#IkutPakde https://t.co/PRgIt6tG8E"
Erwin Deandra,Presiden Jokowi dan Menteri Pertahanan (Menhan) Prabowo Subianto yang didapuk menjadi saksi dari pernikahan. AllInPâ€¦ https://t.co/YY98UyOZsD
sri susilawati,"""Prabowo Subianto menjadi figur yang banyak dipilih masyarakat Jawa Timur untuk Presiden 2024,"" kata Toha saat papaâ€¦ https://t.co/EjUEJeZvFO"
sri susilawati,"Direktur Eksekutif Lanskap Mochammad Toha mengungkapkan, sebanyak 26,1% warga Jawa Timur memilih Prabowo Subianto sâ€¦ https://t.co/PJLuW154VD"
sri susilawati,Momen kunjungan Prabowo ke Jerman juga diunggah melalui akun Instgram pribadinya. Prabowo mengunggah foto dengan Prâ€¦ https://t.co/n84o6SpdUe
Seven_Eleven,"RT @MARQUEZ__93: Paman Sengkuni dukung Prabowo jika Anies gagal Nyapres.
Paman Sengkuni enggan dukung Ganjar karena keterkaitan Pemerintahaâ€¦"
Erwin Deandra,"Valencia Tanoesoedibjo-Kevin Sanjaya Sahkan Pernikahan, Presiden Jokowi dan Prabowo Jadi Saksi. AllInPrabowo dekadeâ€¦ https://t.co/KfnndDBzOq"
zxzxxxz,"""Alhamdulillah, sampai hari ini belum terlaksana,"" kelakar Gus Miftah kepada Prabowo yang disambut tawa oleh para tâ€¦ https://t.co/PVXv7rDI1v"
zxzxxxz,"Dalam kesempatan itu, Gus Miftah turut hadir untuk memberikan Tausiyah Ramadhan dan juga sebagai imam salat berjamaâ€¦ https://t.co/Dyy4ByKZYo"
zxzxxxz,"dalam acara Silaturahmi Ramadan 4 Ketum Parpol dengan Presiden Jokowi yang diadakan di Kantor DPP PAN, Minggu (2/4/â€¦ https://t.co/9Dicr0ONiS"
siti komariah,Momen kunjungan Prabowo ke Jerman juga diunggah melalui akun Instgram pribadinya. Prabowo mengunggah foto dengan Prâ€¦ https://t.co/phyTl4IQXU
muhammad kummul,"""Prabowo Subianto menjadi figur yang banyak dipilih masyarakat Jawa Timur untuk Presiden 2024,"" kata Toha saat papaâ€¦ https://t.co/GuHUWL6FD6"
muhammad kummul,"Direktur Eksekutif Lanskap Mochammad Toha mengungkapkan, sebanyak 26,1% warga Jawa Timur memilih Prabowo Subianto sâ€¦ https://t.co/jebrZc8hTN"
muhammad kummul,Momen kunjungan Prabowo ke Jerman juga diunggah melalui akun Instgram pribadinya. Prabowo mengunggah foto dengan Prâ€¦ https://t.co/WhGlFLdhSX
zxzxxxz,"Sebelumnya, Ketua Majelis Syura Partai Ummat Amien Rais menyatakan sepakat bakal mendukung Prabowo Subianto untuk mâ€¦ https://t.co/LFu0jlvJlp"
zxzxxxz,"Hal senada juga disampaikan oleh Juru Bicara Partai Ummat Mustofa Nahrawardaya yang menyebut, dukungan itu bakal otâ€¦ https://t.co/vSINCmI5JS"
zxzxxxz,Adapun alasan pihaknya tak mendukung Ganjar Pranowo karena Gubenur Jawa Tengah itu dinilai bakal merepresentasi proâ€¦ https://t.co/GKokSjH8mF
zxzxxxz,"Partai Ummat menyatakan, akan mendukung Ketua Umum Partai Gerindra Prabowo Subianto jika Anies Baswedan gagal majuâ€¦ https://t.co/hCApEPi9VO"
Serigala Empat,Calon presiden nomor urut 02 Prabowo Subianto berkomitmen membangun ratusan pabrik hingga kapal buatan Indonesia.â€¦ https://t.co/QVi67yLWD0
darlina lubis,"""Prabowo Subianto menjadi figur yang banyak dipilih masyarakat Jawa Timur untuk Presiden 2024,"" kata Toha saat papaâ€¦ https://t.co/t38f9JdArI"
darlina lubis,"Direktur Eksekutif Lanskap Mochammad Toha mengungkapkan, sebanyak 26,1% warga Jawa Timur memilih Prabowo Subianto sâ€¦ https://t.co/HhEUBGIbPf"
darlina lubis,Momen kunjungan Prabowo ke Jerman juga diunggah melalui akun Instgram pribadinya. Prabowo mengunggah foto dengan Prâ€¦ https://t.co/FQ3j0bIjh5
zxzxxxz,Dirinya juga sempat ditugaskan sebagai ajudan pribadi Presiden Joko Widodo sebelum melanjutkan pendidikan militer dâ€¦ https://t.co/ltenvE4jir
Serigala Empat,Calon Presiden nomor urut 02 Prabowo Subianto bongkar alasan dirinya sempat membuka baju dan melemparkan#PrabowoMenâ€¦ https://t.co/v144hEnKQl
BangUdin44,https://t.co/OBioWXYaCc
ğŸ…‘ğŸ…ğŸ…¡ğŸ…ğŸ…ğŸ…šğŸ… ğŸ…’ğŸ…—ğŸ…ğŸ…›ğŸ…”,"RT @Air_Waybill: Betul, tapi #Prabowo memilih 
untuk berjuang sekali lagi mas,
terpilih dan tidak nya beliau 
jadi presiden nanti, tentu beâ€¦"
Serigala Empat,"Kehadiran Paslon Presiden nomor urut 02, Prabowo Subianto di Batam pada hari Rabu, 13/3/2019 pukul 13.00-17.00â€¦ https://t.co/6t7QyZ1iS9"
siti komariah,Prabowo tiba di lokasi lebih dulu dan kemudian bersama Hary Tanoesoedibjo dan Liliana Tanaja Tanoesoedibjo menantiâ€¦ https://t.co/937BuPka7w
siti komariah,Presiden Joko Widodo (Jokowi) dan Menteri Pertahanan (Menhan) Prabowo Subianto menjadi saksi dalam momen pengesahanâ€¦ https://t.co/to6FJHzLEu
siti komariah,Presiden Jokowi dan Prabowo Kompak Jadi Saksi Pengesahan Pernikahan Kevin Sanjaya dan Valencia Tanoesoedibjoâ€¦ https://t.co/a7BrT9nHCS
Pengelana,"RT @Air_Waybill: Tambora keb sayur,Jmbatan besi RT04/RW04 Thn 2017 menjadi salah 1 diantara jutaan pndukung
penyumbang suara ARB menjadi
Guâ€¦"
Erwin Deandra,"â€œPak Prabowo menjadi presiden, kami yakin, keberagaman dan toleransi akan lebih terjaga dan semakin meningkat,â€ katâ€¦ https://t.co/LrL9q0WiNU"
Kompas.com,"Menhan Prabowo tampil bersama Presiden Jokowi di Hannover Congress Centrum, Jerman, Minggu (16/4/2023) waktu setempâ€¦ https://t.co/4uZnlcEJ6G"
Erwin Deandra,Deklarasi Prabowo Subianto Presiden 2024 menggema hingga ke Bali. AllInPrabowo dekade08 mendingprabowo terusmajuberâ€¦ https://t.co/KddWALO26Z
Erwin Deandra,Gemira Dan Semeton Muslim Bali Deklarasi Dukung Prabowo Presiden 2024. AllInPrabowo dekade08 mendingprabowo terusmaâ€¦ https://t.co/7WbapeGOLQ
ğŸ‡²ğŸ‡¨ B. Prasetya ğŸ‡²ğŸ‡¨,"RT @yantanu2_08: #prabowoadalahKEBUTUHANRAKYAT 

Ini bukan soal mau atau tidak? Akan tetapi Kebutuhan

Jadi mereka yang memilih selain #Praâ€¦"
siti komariah,"Namun Prabowo Subianto justru akhirnya bergabung dengan kabinet Joko Widodo, sang rival, dalam kontestasi Pemilihanâ€¦ https://t.co/w7DZriHiuU"
Erwin Deandra,Presiden Joko Widodo (Jokowi) dan Menteri Pertahanan (Menhan) Prabowo Subianto menjadi saksi dalam momen pengesahanâ€¦ https://t.co/OZqRkJ7xMG
Windy Alisia,Deklarasi Prabowo Subianto Presiden 2024 menggema hingga ke Bali. AllInPrabowo dekade08 mendingprabowo terusmajuberâ€¦ https://t.co/41i8s2GLQG
Adinda Keyla,"â€œKami, Gemira Bali bersama Semeton Muslim Bali siap mendukung Bapak Prabowo Subianto menjadi Presiden 2024,â€ ujar pâ€¦ https://t.co/HMPW20Ui0c"
RightSaidFreed,"RT @MARQUEZ__93: Paman Sengkuni dukung Prabowo jika Anies gagal Nyapres.
Paman Sengkuni enggan dukung Ganjar karena keterkaitan Pemerintahaâ€¦"
atheistan,"#prabowoadalahKEBUTUHANRAKYAT 

Ini bukan soal mau atau tidak? Akan tetapi Kebutuhan

Jadi mereka yang memilih selaâ€¦ https://t.co/UCOhVNMUvh"
Serigala Empat,"Beredar di media sosial video yang membandingkan calon presiden 02, Prabowo Subianto,
#PrabowoMenyapa
#BangkitBersama

PrabowoSubianto"
Wixy,"Sebelumnya, Ketua Majelis Syura Partai Ummat Amien Rais menyatakan sepakat bakal mendukung Prabowo Subianto untuk mâ€¦ https://t.co/haXXFxpY2U"
Wixy,dukungan itu bakal otomatis diberikan kepada Prabowo Subianto jika memang Anies Baswedan tak dapat tiket sebagai caâ€¦ https://t.co/FVQfAM3GfH
Wixy,Adapun alasan pihaknya tak mendukung Ganjar Pranowo karena Gubenur Jawa Tengah itu dinilai bakal merepresentasi proâ€¦ https://t.co/Bnp1kdPdqY
Wixy,"Partai Ummat menyatakan, akan mendukung Ketua Umum Partai Gerindra Prabowo Subianto jika Anies Baswedan gagal majuâ€¦ https://t.co/2c0f3MRYht"
sri susilawati,"Namun Prabowo Subianto justru akhirnya bergabung dengan kabinet Joko Widodo, sang rival, dalam kontestasi Pemilihanâ€¦ https://t.co/eqNJe60YMB"
Edi Freeyork,"RT @edi_freeyork: Yang kaya gini mau jadi presiden ?

Rozi Popo 1 Syawal Cuti Bersama Gubernur #Prabowo"
Edi Freeyork,"Yang kaya gini mau jadi presiden ?

Rozi Popo 1 Syawal Cuti Bersama Gubernur #Prabowo https://t.co/fU5uTNJQzk"
Serigala Empat,"yang artinya laki-laki Minahasa untuk Presiden. Prabowo menyapa pendukungnya dengan teriakan
#PrabowoMenyapaâ€¦ https://t.co/29LqJ0iWGi"
muhammad kummul,"Namun Prabowo Subianto justru akhirnya bergabung dengan kabinet Joko Widodo, sang rival, dalam kontestasi Pemilihanâ€¦ https://t.co/MvcSeoHqr9"
Serigala Empat,"Calon presiden 02 Prabowo Subianto mengawali kampanye terbuka di Lapangan Ternate Baru, 
#PrabowoMenyapa
#BangkitBersama

PrabowoSubianto"
Wixy,"""Alhamdulillah, sampai hari ini belum terlaksana,"" kelakar Gus Miftah kepada Prabowo yang disambut tawa oleh para tâ€¦ https://t.co/15eyjPJBx5"
Wixy,"dalam acara Silaturahmi Ramadan 4 Ketum Parpol dengan Presiden Jokowi yang diadakan di Kantor DPP PAN, Minggu (2/4/â€¦ https://t.co/Cz4SYsfHh6"
Wixy,"dalam acara Silaturahmi Ramadan 4 Ketum Parpol dengan Presiden Jokowi yang diadakan di Kantor DPP PAN, Minggu (2/4/â€¦ https://t.co/a0DBhXD27E"
Serigala Empat,dan maju sebagai calon presiden. Prabowo berujar alasannya adalah untuk mengabdi kepada rakyat Indonesia.â€¦ https://t.co/P30eTunEfi
Serigala Empat,"Calon presiden nomor urut 02, Prabowo Subianto, menyatakan tekadnya untuk membuka lapangan kerja seluas-luasnyaâ€¦ https://t.co/a8KcUJtAln"
darlina lubis,"Namun Prabowo Subianto justru akhirnya bergabung dengan kabinet Joko Widodo, sang rival, dalam kontestasi Pemilihanâ€¦ https://t.co/G1ch2Ymw6W"
Wixy,"Sebelumnya, Ketua Majelis Syura Partai Ummat Amien Rais menyatakan sepakat bakal mendukung Prabowo Subianto untuk mâ€¦ https://t.co/vZpFibrWtq"
Wixy,"Hal senada juga disampaikan oleh Juru Bicara Partai Ummat Mustofa Nahrawardaya yang menyebut, dukungan itu bakal otâ€¦ https://t.co/MIvaWnsk7F"
Wixy,Adapun alasan pihaknya tak mendukung Ganjar Pranowo karena Gubenur Jawa Tengah itu dinilai bakal merepresentasi proâ€¦ https://t.co/O4KPLPkErH
Wixy,"Partai Ummat menyatakan, akan mendukung Ketua Umum Partai Gerindra Prabowo Subianto jika Anies Baswedan gagal majuâ€¦ https://t.co/YYSKMd3qkY"
Tim7 Tangkulara,Menteri Pertahanan RI Prabowo Subianto dan Presiden RI Joko Widodo (Jokowi) tampil akrab saat menghadiri Pameran Haâ€¦ https://t.co/2UKQJFR3lV
anti cebong,"@Kosim__ @aniesbaswedan @prabowo Biar ga sakit hati,Lo buat seperti ini

Pesta demokrasi sudah didepan mata kandidaâ€¦ https://t.co/gZU9eMQHZX"
RISS 02,Menteri Pertahanan RI Prabowo Subianto dan Presiden RI Joko Widodo (Jokowi) tampil akrab saat menghadiri Pameran Haâ€¦ https://t.co/4S1jqHI3yI
SAHAR//BW\\,"Momen Kompak Prabowo dan Jokowi saat Hadiri Pameran Hannover Messe di Jerman

Menteri Pertahanan RI Prabowo Subiantâ€¦ https://t.co/UR1LfstACU"
Arie Dirgantara,"2019 dg pembenahan info KPU yg lebih sempurna dari 2014 pun...

dilapangan masih saja terjadi

di Jawa Barat dan Suâ€¦ https://t.co/2X04EQO7vb"
ğŸ‡²ğŸ‡¨ğŸ‡²ğŸ‡¨ğŸ‡²ğŸ‡¨ğŸ‡²ğŸ‡¨ğŸ‡²ğŸ‡¨,"RT @BANGSAygSUJUD: @AAldhiaz @prabowo Menjadi presiden bagi @prabowo bukanlah tujuan. 

Kursi Kepresidenan adalah kendaraan untuk menuangkaâ€¦"
Arie Ahmad Hariri,RT @Lisaamartatara6: John .. kapan  Baliho Prabowo for Presiden 2024 utk ke 4 kalinya dipasang? ... https://t.co/ZSbVVeVqta
ğŸ‡²ğŸ‡¨ B. Prasetya ğŸ‡²ğŸ‡¨,"@AAldhiaz @prabowo Menjadi presiden bagi @prabowo bukanlah tujuan. 

Kursi Kepresidenan adalah kendaraan untuk menuâ€¦ https://t.co/TFFYX6ylzo"
Vaughn2,"RT @SSukasim: Masiku ingat presiden Mega Widodo
KCJB ingat presiden Luhut Widodo
Sambo ingat presiden Tito MD Widodo
349 ingat presiden Sriâ€¦"
bengkeldodo,@F412Fi @zuhron1975 @adilmakmrsjhtra @Lisaamartatara6 2024 Prabowo presiden bukan boneka oligarki apalagi kacung parpol ...
md_zigyt,"@an_ti_ka_drun Selama Zon masih dibelakang Prabowo, cita2 jadi Presiden hanya akan jadi cita2, sampai mati tak terlaksana"
Solikin Sutanto,@YRadianto Zonk selalu sukses menjegal Prabowo jadi presiden
Suara Jelata,"Jakarta, Suara Jelata---Menteri Pertahanan RI Prabowo Subianto dan Presiden RI Joko Widodo (Jokowi) tampil akrab saâ€¦ https://t.co/JzjZ217pZ0"
Gus Choy Markochoy,"RT @SSukasim: Masiku ingat presiden Mega Widodo
KCJB ingat presiden Luhut Widodo
Sambo ingat presiden Tito MD Widodo
349 ingat presiden Sriâ€¦"
DON,@YRadianto Bukan hanya fadli zon. Bgmna dgn andre rosiade. Banyak nanti lainnya yg kita akan muak saat beliau jd prâ€¦ https://t.co/sS0OLpL0Tl
J B,"RT @MARQUEZ__93: Paman Sengkuni dukung Prabowo jika Anies gagal Nyapres.
Paman Sengkuni enggan dukung Ganjar karena keterkaitan Pemerintahaâ€¦"
Sarbono,@Alie_Fahnoor @are_inismyname @AndreasSolusi @azissubekti @BANGSAygSUJUD @bengkeldodo @prabowo @Gerindraâ€¦ https://t.co/giXZOKVbi7
â„¹ï¸ndrağŸ…¾ï¸NE Ï€Pi,"@abdulra84804284 @BANGSAygSUJUD @prabowo Kasian dong udah 3x KO, biar seneng kasih kesempatan jadi presiden hasil survey kali ini..."
Indeks Politika,"Momen Kompak Prabowo dan Jokowi  di Jerman

Jakarta - Menteri Pertahanan RI Prabowo Subianto dan Presiden RI Joko Wâ€¦ https://t.co/NEiLc9zVOz"
Bukan Autokrat,"Momen Kompak Prabowo dan Jokowi  di Jerman

Jakarta - Menteri Pertahanan RI Prabowo Subianto dan Presiden RI Joko Wâ€¦ https://t.co/cJ9DsU0cIj"
Kliktivisme Demokrasi,Jakarta - Menteri Pertahanan RI Prabowo Subianto dan Presiden RI Joko Widodo (Jokowi) tampil akrab saat menghadiriâ€¦ https://t.co/IsYRhZmPcm
Ngaji Politik,Jakarta - Menteri Pertahanan RI Prabowo Subianto dan Presiden RI Joko Widodo (Jokowi) tampil akrab saat menghadiriâ€¦ https://t.co/RvCjLTaNh7
Bunga _tukang rt,"RT @_mastito: sy siih gk perduli sipaun jdi presiden nntinya . Mau ganti presiden 100Ã— dlm 1 tahunpun. ttp aj kerjaan sy jd kontraktor..

Yâ€¦"
Indiah,Ngak aku milih sandiaga uno jadi presiden tapi ngak suka sama partai ppp..nya itu...https://t.co/n2BFSrOY6S
Sarbono,@are_inismyname @AndreasSolusi @azissubekti @Alie_Fahnoor @BANGSAygSUJUD @bengkeldodo @prabowo @Gerindraâ€¦ https://t.co/UgPFqZNw1d
Allen Walker,"@NMS__ampel Balikan klo Prabowo jadi presiden. Selama Prabowo belum jadi presiden, sebatas cinta ABG"
