,date,username,tweet
0,2023-05-30 23:59:44+00:00,AdeSaung,resmi presiden joko widodo cawe cawe sih cawe cawe dipake meng endors prabowo bu
1,2023-05-30 23:59:24+00:00,DewaSudana9,hubunganx dg pilpres indonesia dmn eliktabilitas mas anies dlm survey
2,2023-05-30 23:53:44+00:00,maha_sakti,jokowi head to head dg sby pilpres demokrat aja
3,2023-05-30 23:52:00+00:00,fadyahrismaaul,elite golkar bicara kans duet prabowoairlangga pilpres pilpres dekade mendingprabowo terusmajubersamaprabowo
4,2023-05-30 23:48:29+00:00,WiyonoHw,juang arah yg pilpres yg jurdil
6,2023-05-30 23:33:51+00:00,Irawan15758608,ngaco panik cebong kurap liat anis tingkat sembur caci maki
7,2023-05-30 23:25:17+00:00,Ijoroyo21,ribu anies ribu surya paloh alloh swt gak
8,2023-05-30 23:19:01+00:00,dinodachi03,rt suara gk putus harap kekhawatirankhawatiran
9,2023-05-30 23:12:03+00:00,hezmaan,pantesan anies menang jakarta
10,2023-05-30 22:59:50+00:00,MalikAbdul30041,utk capres thn kader gerindra puji puja lawan debat pilpres tp kam
11,2023-05-30 22:59:13+00:00,BudiSps,pilpres catat prabowo menang mutlak
12,2023-05-30 22:54:32+00:00,iromismet,rt malam influencer yg kenal republik tentan
13,2023-05-30 22:51:13+00:00,ADANGSUGANDA11,pa anies baswedan aneh kalah survei pilkada dki beliau kalah survei menang pilkada dki pilpres
14,2023-05-30 22:49:49+00:00,Hasanbasri_RA,rakyat measumsi politik yg takut luwar ka
15,2023-05-30 22:49:14+00:00,syarifntoke,cawe pilpres ngatur mk ngatur ma hasil pasang calon pd pilpres
16,2023-05-30 22:47:40+00:00,idaYATI78661703,rt hii tweps mari polling okeykalau pilpres capres pilihsetelah vote
17,2023-05-30 22:45:10+00:00,HendarwatiH,pakde tolong pilih prabowo jejak digital waktu pilpres lupa apap
19,2023-05-30 22:37:26+00:00,Hanwen98780070,strategi politik moles citra gibran diploting lantik walikota solo
20,2023-05-30 22:32:42+00:00,RanggaSayhan,rt hii tweps mari kite polling yak andaikata pilpres calon pilih vote jan
21,2023-05-30 22:27:32+00:00,y_yumnan,ketipak ketipung suara puji talu talu mahfud gagal cawapres pilpres yg
23,2023-05-30 22:12:00+00:00,tubanesse_man,tim prabowo ga pede ngadepin pilpres bawa presiden keluarga takut prabowo
24,2023-05-30 21:49:31+00:00,Wisnuprdt_,betapa bebas jokowi lengser presiden nikmat helat pilpres beliau
25,2023-05-30 21:39:23+00:00,Thoyib83928012,gassssingat rawan kpu bawaslu rezim musuh pilkada pilpres so wajib
26,2023-05-30 21:36:24+00:00,SoumokilWillem,beda ahok pilkada dki isu agama jusuf kalla jelang pilpres isu ras
27,2023-05-30 21:33:18+00:00,Yedi_ExTKI,takut banget sih jago capresnya kalah pilpres sampe campur urus copras capres
28,2023-05-30 21:16:22+00:00,lip_family,indonesiapilpres kardus gembok presiden prabowotp napa jokowi yg jabat
29,2023-05-30 20:58:35+00:00,Yedi_ExTKI,klo gak takut jago capresnya kalah pilpres gak campur urus copras cap
31,2023-05-30 19:56:10+00:00,driveronline_17,covid dr china strain galur murni past
32,2023-05-30 19:38:25+00:00,HILARlO,prabowomuhaimin menang pilpres bukti bangsa kalo bangsa maaf bangsa lupa
33,2023-05-30 19:21:51+00:00,_gpamungkass,jerry respons prabowo duet airlangga pilpres pilpres dekad
34,2023-05-30 19:16:02+00:00,alesson2014,rt ganjar adlh pilih yg nasionalis rasionalisasi tolak
36,2023-05-30 19:09:54+00:00,ikblrmdhn4,calon partai gera indonesia raya maju pilpres
37,2023-05-30 19:02:33+00:00,indaniaa_,rekam jejak pilpres prabowo kenal angkat ekonomi rakyat pilpres dekade mendingprabowo terusmajubersamaprabowo
38,2023-05-30 18:58:33+00:00,josephrizal810,ganjar atuhhhh yg radikal yg langgan kalah pilpres tdk ngaku kalah inget mei
39,2023-05-30 18:54:45+00:00,syafaulll_,firman soebagyo menep airlangga hartarto cawapres prabowo subianto pilpres
40,2023-05-30 18:52:32+00:00,neifandino,jerry respons prabowo subianto duet airlangga pilpres pilpres
42,2023-05-30 18:46:06+00:00,B_Hendratmo1,keren beut wey moga berkah menang pilpres bp prabowo subianto
43,2023-05-30 18:45:58+00:00,ApreliHeni,wih elite golkar bahas duet prabowoairlangga pilpres pilpres dekade mendingprabowo terusmajubersamaprabowo
45,2023-05-30 18:34:18+00:00,DeaYunit_,prabowo ejek gak menang pilpres prajurit didik pantang serah pilpres
46,2023-05-30 18:28:32+00:00,josephrizal810,ganjar adlh pilih yg nasionalis rasionalisasi meno
47,2023-05-30 18:26:08+00:00,sekarriniken,rekam jejak pilpres prabowo subianto kenal angkat ekonomi rakyat pilpres dekade mend
48,2023-05-30 18:23:22+00:00,DinaMrvina,mudahmudahan pilpres ganjar pilih presiden
49,2023-05-30 18:19:54+00:00,Stevan_03jr,bener yg menang survey anies moga kalah pilpres amiiinnn
50,2023-05-30 18:17:40+00:00,ardeliadanica71,firman soebagyo menep airlangga hartarto cawapres prabowo subianto pilpres me
51,2023-05-30 18:16:53+00:00,OleanderRostova,rt anies mas ga pilpres
54,2023-05-30 18:03:53+00:00,rendi078,anies mas ga pilpres
55,2023-05-30 18:03:17+00:00,ArrivaldiHd,optimis ganjar menang pilpres
56,2023-05-30 18:02:35+00:00,WinahyoK,rt kayak ngga aja opah prabowo jelang pilpres rajin foto bareng sanasini
57,2023-05-30 17:58:20+00:00,LulukSwa,rt hikayat sekutu jokowi prabowo by faizal assegaf kritikussemesra prabowo jokowi sal
58,2023-05-30 17:52:32+00:00,Verraagustian_,rt ngklaim gerinda mending drpd klaim lu sadar tum mu spy tau udh
59,2023-05-30 17:51:37+00:00,josephrizal810,ngklaim gerinda mending drpd klaim lu sadar tum mu spy tau udh
60,2023-05-30 17:51:17+00:00,KesatriaBajaHi9,rt covid somad covid mesti pikir kualitas
61,2023-05-30 17:51:09+00:00,Santanha_88,
63,2023-05-30 17:45:18+00:00,WarasWareg,coba bikin survey krn biaya pilpres mahal negara alami devisit anggar mak
64,2023-05-30 17:21:04+00:00,AdeSaung,rt katanyacawe cawe jokowi dorong prabowo dorong jokow
65,2023-05-30 17:14:27+00:00,Thannnsss,pilkada dki kalah fauzi bowo sang tahana pilpres tur
66,2023-05-30 17:00:24+00:00,rudydesda,wenang mk cabut pilpres ancam
67,2023-05-30 16:50:30+00:00,radiefrmadna,iya soh mosok cawecawe pilpres nyuruh rakyat milih gp ps
68,2023-05-30 16:43:24+00:00,Yantidaryanti,yg diinginkn jkw spy masy gk belah sisa pilpres ttpi hsil surves
70,2023-05-30 16:16:05+00:00,_01tikusberdasi,idih menang pilpres
71,2023-05-30 16:15:04+00:00,as_siglie,gibran makan garam diplotingnya jurkam pilpres berdampa
72,2023-05-30 16:13:34+00:00,labirin37066896,gw udah cape moga udah lengser tuh presiden
73,2023-05-30 16:10:15+00:00,Putrasagita5,sdh utk jelang thn kl sengketa pilpres lbh ngga aju mk
75,2023-05-30 16:05:16+00:00,kariango_,yg klarifikasi tetep aja rakyat tau jokowi campur pilpres
76,2023-05-30 16:01:44+00:00,ujungnyamati,rt postingan edorgan kalah survey menang pilpres turkiye trus insyaalloh anies presiden ri perta
77,2023-05-30 16:01:12+00:00,NastarBubuk,udah yg antem gara pilpres blm
78,2023-05-30 16:00:14+00:00,Pt0nks1matupang,malam influencer yg kenal republik ten
80,2023-05-30 15:58:55+00:00,aswin2211,kayak ngga aja opah prabowo jelang pilpres rajin foto bareng sanasini
84,2023-05-30 15:35:13+00:00,alexander_sakti,dukung yohanies pilpres selenggara dgn brutal bukti pilkada dki
89,2023-05-30 15:33:17+00:00,SingoYudho_,gibran helat pilpres gibran gerus suara
90,2023-05-30 15:31:05+00:00,dsuphi,rt jokowi prabowo lucut pengaruh megawati wajar loyalis ngamukby faizal assegaf kritikusberbeda pilpres
91,2023-05-30 15:29:31+00:00,curutonline,ane sich yes cipta iklim pilpres yg cepat
94,2023-05-30 15:27:27+00:00,TunayVallen,bapa anies baswedan tarung pilpres jakarta aja bapa pe
120,2023-05-30 15:16:44+00:00,sinerimzulk86,milih jokowi jdi ga beban moril yg biar
135,2023-05-30 15:07:06+00:00,ra79828002,fikir pilpres nggak krusial dst nggak ngerti dem
136,2023-05-30 15:03:25+00:00,AndreasBayuSapu,ridwan kamil tugas wakil ketua umum golkar bidang galang pilih cochair badan pemenanga
138,2023-05-30 15:00:45+00:00,AryantoDwisapu1,liat aja pilpres anies menang kalo anies ga menang yg menang ganjar pranowo
139,2023-05-30 14:58:36+00:00,hi_ikan_peda,iya kalo ngak jokowi bu mega yg rangkul prabowo halu karna pilpres uda gi
141,2023-05-30 14:57:12+00:00,visiau,rt presiden sikap pilpres allah pimpin
142,2023-05-30 14:52:39+00:00,zulfadli777,telinga tolong buka lebar boss junjung lhu
143,2023-05-30 14:51:27+00:00,nu54428856541,maklumat yg kader urus partai tk daerah tahun
146,2023-05-30 14:42:40+00:00,ElizarIrnold,sdh baca berita blm bong tuh jokowi bilang ga netral
149,2023-05-30 14:38:33+00:00,There91194264,rt suara rakyat anies baswedan pilpres
150,2023-05-30 14:38:05+00:00,BinSukirno,assalamualaikum warahmatullahi wabarakatuhu moga anies rasyid baswedan gandeng ahy
151,2023-05-30 14:36:29+00:00,hi_ikan_peda,kakak bina suruh nyerang pdip ganjar harinih buzzer anak kemaren sore ma
152,2023-05-30 14:32:16+00:00,hi_ikan_peda,pilpres ente jelekin pdip ganjar jago lhu halu den
153,2023-05-30 14:30:24+00:00,khairu_rizal98,wee kades rombong misi nenek tsunade kait
154,2023-05-30 14:29:56+00:00,combro0779,ngapain panik org prnh reshuffle plate nyanyi nyanyi ani
156,2023-05-30 14:21:55+00:00,AdeSaung,katanyacawe cawe jokowi dorong prabowo dorong
161,2023-05-30 14:15:38+00:00,mario_delamo,direspond tweet gak gak
162,2023-05-30 14:12:06+00:00,ResLexan,barbar dukung ab narasi elektabilitas ab
163,2023-05-30 14:06:34+00:00,AndreasBayuSapu,usung ridwan kamil pilpres solusi partai golkar tingkat el
164,2023-05-30 14:06:31+00:00,AndreasBayuSapu,teliti indikator politik indonesia bawono kumoro saran partai golkar usung kader ridwan ka
167,2023-05-30 14:05:09+00:00,partai_bermoral,sy sesal coblos jokowi pilpres amp kalo sy tau jokowi tarik prabowo ment
168,2023-05-30 14:03:26+00:00,DILARANGMARAH,rt politik cawecawe jokowi jegal anies begal demokrat singkir megawati by faizal assegaf kritikusjokowi seca
169,2023-05-30 14:01:23+00:00,EkoPutr86520727,rt jgn ganjar jd wapresnya prabowo nggak papa soale kans menang prabo
171,2023-05-30 13:58:35+00:00,eliswija,cawecawe pilpres selamat ibukota nusantara proyekproyek mercusuar nirmanfaat
173,2023-05-30 13:55:39+00:00,Fhauzi911,cawapres damping ganjar pilpres
174,2023-05-30 13:53:40+00:00,hulkolorijo,kuat de
179,2023-05-30 13:51:12+00:00,Imrajula3,aneh pilpres negara wakanda calon elektabilitas tinggi le
182,2023-05-30 13:48:58+00:00,Zafianz1,kalimat yg netral pilpres duga
185,2023-05-30 13:48:25+00:00,igranstvmediaid,rt bang ga pilpres hilang narasi cebong kadrun bosen gua kalo politik isi git
188,2023-05-30 13:47:54+00:00,wiwin40718731,pilpres jokowi menang suara dr prabowo skrang anies prabowo rebuta
192,2023-05-30 13:47:21+00:00,Blackred262626,klo brutal pilpres amp arogan prabowo gw tetp gk prabowo jad
196,2023-05-30 13:45:21+00:00,eliswija,selesai presiden loh jokowi pan jabat sebage presiden aktif wkwkwkwkwk
219,2023-05-30 13:37:38+00:00,alexander_sakti,dukung yohanies pilpres selenggara dgn bru
221,2023-05-30 13:33:15+00:00,AndiammuliaPd,tolong netral milu cawe
223,2023-05-30 13:31:20+00:00,AchimUmagaf,mamamereka himpun das dasar usaha biaya parp
224,2023-05-30 13:30:54+00:00,NgaliMahfud,ubah kerdil dpr dampak buruk partisipasi pilih pileg pilp
226,2023-05-30 13:20:21+00:00,kohlervooler,yth perhati modus in
228,2023-05-30 13:18:55+00:00,MadeleynAinley,restu partai februari pileg pilpres bicara
229,2023-05-30 13:18:54+00:00,MadeleynAinley,ridwan kamil tunggu restu partai golkar restu lepas pi
239,2023-05-30 13:18:16+00:00,AdamsIlham,prediksi pilper buruk tahun kecuranganapa presiden pilpres
242,2023-05-30 13:15:33+00:00,SukijoWong,pilpres demokratis luber jurdil hasil presiden jaya maju nkri
243,2023-05-30 13:13:49+00:00,mass_adit,klo bahas prabowo langgar ham
244,2023-05-30 13:12:37+00:00,Atmojo200194,rt hi tweps percaya lembaga survei bayar pilpres vote sila amp biar ngak
247,2023-05-30 13:08:17+00:00,are_inismyname,rt
248,2023-05-30 13:06:20+00:00,Sinyo_Joelunar,presiden sikap pilpres allah pimpin un
250,2023-05-30 13:04:34+00:00,kybrianyk,amin amin sempet ngejar pilpres
252,2023-05-30 13:03:37+00:00,jonsa61664335,pelihara silaturahmi doa suka allah subhana wa taala moga capres anies
254,2023-05-30 13:02:31+00:00,gatotprayoga2,hhee hhee oey dungu ndak bangsa amp negara
259,2023-05-30 12:56:40+00:00,Faradil03,moga aja ganjar pranowo menang pilpres
260,2023-05-30 12:52:48+00:00,faizalassegaf,hikayat sekutu jokowi prabowo by faizal assegaf kritikussemesra prabowo jokowi saj
261,2023-05-30 12:51:53+00:00,ardi_riau5,mikirin pilpres partai gelora gabung koalisi
262,2023-05-30 12:49:44+00:00,Chaves1305,rt klo laksana pilpres detik prabowo dg pot bunga jg menang
263,2023-05-30 12:49:41+00:00,Chaves1305,klo laksana pilpres detik prabowo dg pot bunga jg menang
264,2023-05-30 12:45:58+00:00,kaizen_pdca,mesti rawan jokowi bubar rawan capres yg tarung pilpres
267,2023-05-30 12:44:15+00:00,wahyudhie2345,pilpres jokowi campur rusak tatanan yg beliau bangun tahun
268,2023-05-30 12:40:59+00:00,laskarpeningit,menang ab pilpres
269,2023-05-30 12:40:07+00:00,AndreGa78981078,politik takut kalah raih citra rakyat kekuatiran kalah panik dg angkat
270,2023-05-30 12:37:26+00:00,Yono19060776,kait pilpres kait politik kait korupsi bts
271,2023-05-30 12:36:24+00:00,TaufikWidiarto,moga bu sus sikap politik pilpres
273,2023-05-30 12:32:50+00:00,Yono19060776,jabat kpk ketua mk kait pilpres
274,2023-05-30 12:32:43+00:00,sayfull46,bayang kl pilpres sby cawe bs jokowi tdk jd presiden yg jd pas
275,2023-05-30 12:27:35+00:00,DelicaSugeng,mnyebarkan opini sesat msyarakat yg bodoh dukung dlm ajang pilpres
276,2023-05-30 12:24:36+00:00,adzaniamedikasr,prabowo menang kontestasi pilpres noel capres
280,2023-05-30 12:19:10+00:00,wisnubrin,pilih pas pilpres nikmat
281,2023-05-30 12:17:59+00:00,reifeiza,tum prabowo mania immanuel ebenezer dukung all out dukung prabowo subianto pilpres
283,2023-05-30 12:15:32+00:00,AlFaqirMan17,rt pantes nganu takut bener anies menang pilpres lubang nganga
284,2023-05-30 12:13:04+00:00,one_sach97004,pilpres sdh ajar rakyat indonesia waspada ter
285,2023-05-30 12:11:25+00:00,IwanKurus8,cawecawe dukung dukung salah kandidat pilpres jokowi bilang caw
286,2023-05-30 12:09:06+00:00,PribadiBales,tabung lpg kg ngoceh jokowi mudahmudahan tdk leduk pilpres
287,2023-05-30 12:08:33+00:00,RickyDiningrat1,betapa jelek maralitas moldoko kambing hitam curi partai demokrat dgn
288,2023-05-30 12:03:38+00:00,Tabiyat15,capres anies anggap antitesa perintah kpp beliau berpe
289,2023-05-30 12:02:20+00:00,AJazuli5,rt ubah log pilpres kalahjadi indonesia
290,2023-05-30 12:01:57+00:00,svohneric,support gua pilpres
291,2023-05-30 12:00:38+00:00,termos_sergio,jongos anies sengaja sebar isu krn mrk tau anies nyungsep pilpres
292,2023-05-30 12:00:23+00:00,gonkcil,untung bom selesai gabener kuasa coba kalo selesai wan bacot be
293,2023-05-30 11:59:22+00:00,Semi03558529,covid somad covid mesti pikir kualitas oran
294,2023-05-30 11:59:20+00:00,qentrunx,suara gk putus harap kekhawatirankhawatiran bena
296,2023-05-30 11:52:52+00:00,WaraslahNKRI,rt ente nga guru pa beliau tau tdk dila
297,2023-05-30 11:50:44+00:00,fadsa90,dunia akademisi parpol anies pola komunikas
298,2023-05-30 11:50:18+00:00,sahfad2020,anies dukung generasi milineal didik pilpres
300,2023-05-30 11:47:23+00:00,Marnischaniago2,pilpres anies yohanes rasyid baswedan mena
301,2023-05-30 11:45:08+00:00,irdnek,khawatir anies gagal capres hasil pilpres anies kalah kompresor gantung
302,2023-05-30 11:44:40+00:00,Priagarislurus,lembagalembaga survei yg quick count pilpres tdk ubah tun
304,2023-05-30 11:41:52+00:00,eds_ph2157,kecoh pasang aniesdgn kans menang dlm pilpres bes
309,2023-05-30 11:35:13+00:00,Real_AdhiDompu,survei menang prabowo pas pilpresnih noh pindah negara turki ta
310,2023-05-30 11:33:57+00:00,IwanKurus8,ngeri presiden bilang cawecawe pilpres terangterangan bilang netral nge
311,2023-05-30 11:33:20+00:00,adzaniamedikasr,ketua umum prabowo mania immanuel ebenezer dukung all out dukung prabowo subianto pil
314,2023-05-30 11:31:14+00:00,maximilan_wolf,propinsi sabang merauke rite mianggas ri
315,2023-05-30 11:31:00+00:00,warnaloka,cawe kait milu pilpres je ka we olah konfirmasi keras pentol
317,2023-05-30 11:28:18+00:00,fachrymanan,kek takut banget yg kalo sampe anies baswedan pilpres sampe dilakuin ngejegal
318,2023-05-30 11:27:58+00:00,wenrohaloho,presiden jokowi pandang utk cawecawe dlm pilpres alas bs aja terima yg men
319,2023-05-30 11:27:38+00:00,JOINLampung,rt pilpres tarung darat kuat real menang kontestasiketum parpol cak imi
321,2023-05-30 11:26:03+00:00,yuniiiiar_,anies kpp rawan milik niat menang pilpres
323,2023-05-30 11:20:31+00:00,Shaka_Story,kalo situasi pilpres situasi korea tim anies vs ganjar gontok gon
325,2023-05-30 11:19:36+00:00,Shaka_Story,ga kdrama reborn richsituasi milu indonesia loh pilpres korsel chun do hwan jatuh
326,2023-05-30 11:18:20+00:00,jiee648220,dukung anies pilpres masyarakat ikhtiar bangsa
327,2023-05-30 11:18:10+00:00,DumpsYelly,pola komunikasi santun anies modal menang pilpres
329,2023-05-30 11:13:32+00:00,awalkoe,netral pilpres presiden kalimat adem didenger
331,2023-05-30 11:10:51+00:00,DumpsYelly,anies elemen sedia semangat fairplay pilpres raport demokrasi indonesia
332,2023-05-30 11:10:10+00:00,aff700313,jgn dendam waktu pecat jd menteri kl kalah batal pilpres
333,2023-05-30 11:09:43+00:00,Zahrun258,menang pilpres abdi negeri ungakap anies
334,2023-05-30 11:09:21+00:00,ujehsimanunggu,menang pilpres anies jumawa
336,2023-05-30 11:08:54+00:00,YanikWati,menang pilpres anies low profile
339,2023-05-30 11:05:37+00:00,ViviCidev,gaya pimpin anies karismatik masyarakat dukung pilpres
342,2023-05-30 11:03:36+00:00,elelcans,hadir netralitas negara aparatur pilpres anies kpp rawan peluang menang
348,2023-05-30 10:51:58+00:00,RealyullegR,sebenernya sih kl menangin pippres putar kl kaesang sekal
349,2023-05-30 10:48:06+00:00,Budionotaslim3,takut klo alphard tagih rawan aniesapa pura njagoin anies menang pilpres
350,2023-05-30 10:44:45+00:00,saifulmuhjab,peran jokowi beliau cewe cewe pilpres tarik
351,2023-05-30 10:41:50+00:00,MatJohar3,prediksi pilpres menang ganjar beda dgn jokowi pilpres
353,2023-05-30 10:41:07+00:00,misterbigwin,gak doa nnt jg pilpres gak drama
354,2023-05-30 10:41:06+00:00,yoyokbonaparte1,admin harga dukung prabowo waktu pilpres kemaren sarat
355,2023-05-30 10:40:14+00:00,Kaki_langit07,ente nga guru pa beliau tau tdk
357,2023-05-30 10:37:03+00:00,ariawiraID,jokowi cawe pilpres pilar bangsa ancam diam preside
358,2023-05-30 10:32:15+00:00,UwohMe,cocok sih klau prabowo ganjar sandingkanpak anies akn gentar ko lawan beliau pilpres
360,2023-05-30 10:29:40+00:00,alfisahdinardi,ketua umum urus nahdlatul ulama pbnu yahya cholil staquf ber
361,2023-05-30 10:29:37+00:00,alfisahdinardi,pesan kiaikiai prabowo nu menang kontestasi pilpres andr
362,2023-05-30 10:29:36+00:00,alfisahdinardi,jakarta cnn indonesia ketua dpd partai gerindra andre rosiade kiai nahdlatul ulama nu men
363,2023-05-30 10:27:23+00:00,alfisahdinardi,ardi papar hasil survei lsi denny ja kait tarung pilpres
364,2023-05-30 10:27:22+00:00,alfisahdinardi,viva politik teliti lingkar survei indonesia lsi denny ja ardi sopa mayoritas pilih pa
365,2023-05-30 10:27:05+00:00,lubis_punk,pilpres jual ayat ayat
366,2023-05-30 10:26:06+00:00,JohnTurah,gk takut jokowi gk pilpres
367,2023-05-30 10:25:16+00:00,alfisahdinardi,nu milik gudang kaderkader hebat mumpuni tampil pilpres
368,2023-05-30 10:25:13+00:00,alfisahdinardi,peluang yenny tertawa prabowo milik kalkulasi ele
369,2023-05-30 10:25:10+00:00,alfisahdinardi,jakarta cnn indonesia ketua badan kembang inovasi strategis pbnu yenny wahid pesimistis prabowo subianto
370,2023-05-30 10:23:08+00:00,adirashannas,bgmnpun prabowo menteri jkw jokowi posisi untung yg final pra
372,2023-05-30 10:21:55+00:00,dulbedul911,senyum sang mantan rival jokowi pilpres panggung prabowo
374,2023-05-30 10:17:51+00:00,Cozillar_Reborn,rt capres calon salah calon pilpres gua golput kele
375,2023-05-30 10:17:40+00:00,artiasdeby3,rawan jokowi mania nusantara joman deklarasi prabowo mania pm dukung prabowo subianto maju
376,2023-05-30 10:17:37+00:00,artiasdeby3,prabowo menang kontestasi pilpres
380,2023-05-30 10:15:57+00:00,dulbedul911,wakil ketua dpr jokowi izin sila prabowo maju pilpres
381,2023-05-30 10:14:34+00:00,dulbedul911,pilpres jatah prabowo jokowi sambut ria tonton inews tower
382,2023-05-30 10:14:30+00:00,dulbedul911,jokowi semangat prabowo maju ajang pilpres
383,2023-05-30 10:14:27+00:00,dulbedul911,ketua dpp pdi juang pdip said abdullah dukung presiden joko widodo jokowi prabowo
386,2023-05-30 10:10:35+00:00,andystwn4,noel rawan prabowo mania gerak meta lumbung suara meta menang
387,2023-05-30 10:10:30+00:00,andystwn4,noel panggil akrab emmanuel ebnezer dasar mayoritas rawan joko
388,2023-05-30 10:10:29+00:00,andystwn4,ketua prabowo mania imanuel ebnezer menyakini presiden joko widodo jokowi bulat komitmen mendu
389,2023-05-30 10:09:58+00:00,Om_Sapto,ngga lahganjar udah deklarasi dicapreskansedangkan prabowo belu
394,2023-05-30 10:04:22+00:00,pikir_santuy,rakyat presiden cawe cawe pilpres rakyat
397,2023-05-30 10:03:13+00:00,pinterpolitik,hmm kaca kandidat cawapres pilpres pilpres gimana
398,2023-05-30 10:02:13+00:00,ARoss89777394,baca setting milu pilpres
399,2023-05-30 10:02:09+00:00,Harumiii_kn,bismillahirrahmanirrahim mochamad iriawan dukung prabowo subianto maju sebag
400,2023-05-30 10:00:44+00:00,Harumiii_kn,harap fungsionaris rawan repro indonesia telinga awas
401,2023-05-30 10:00:42+00:00,Harumiii_kn,repro komitmen dukung prabowo subianto pilpres negara kuat prab
402,2023-05-30 10:00:38+00:00,Harumiii_kn,rawan prabowo repro resmi fungsionaris isi struktural dewan pimpin nasional dpn
404,2023-05-30 10:00:18+00:00,akuteguh5,rawan jokowi mania joman bogor resmi deklarasi prabowo mania ketua umum prabowo mania immanuel
405,2023-05-30 09:59:11+00:00,akuteguh5,pilpres kelompok dukung jokowi pilpres dukung calon prabowo sub
407,2023-05-30 09:57:30+00:00,lehon_mangolu,optimis unggul survei prabowo subianto menang pilpres
408,2023-05-30 09:57:28+00:00,lehon_mangolu,klaim gang ubah prabowo maju pilih presiden pilpres
409,2023-05-30 09:57:25+00:00,EkoPras37340365,seru gerindra pdip utk pilpres formasi aja biar seru
410,2023-05-30 09:56:25+00:00,lehon_mangolu,singgung target suara kharisma prabowo raih suara persen jatim pilpres
411,2023-05-30 09:55:45+00:00,IwanKurus8,presiden terangterangan bilang cawecawe pilpres ngeri yekan yekan yekan yekan
412,2023-05-30 09:55:20+00:00,asetiaji,pantes nganu takut bener anies menang pilpres lubang nganga
413,2023-05-30 09:54:43+00:00,amadramadan91,balas pilpres coblos ganjar pranowo
414,2023-05-30 09:53:56+00:00,EkoPutr86520727,jgn ganjar jd wapresnya prabowo nggak papa soale kans menang pr
415,2023-05-30 09:51:51+00:00,mingskyyy_,rawan juang tangguh sepakat komitmen setia dukung prabowo subianto men
416,2023-05-30 09:51:45+00:00,mingskyyy_,juang menang prabowo subianto presiden ri pilpres
417,2023-05-30 09:51:12+00:00,soffyajkt,prabowo milik rendah hati kalah jokowi pilpres
418,2023-05-30 09:51:07+00:00,soffyajkt,mantan staf presiden jokowi lenis kogoya dukung ketua umum partai gerindra prabowo
419,2023-05-30 09:50:59+00:00,soffyajkt,juru bicara jubir prabowo subianto dahnil anzar simanjuntak respons dukung mantan staf khus
421,2023-05-30 09:49:13+00:00,soffyajkt,jokowi menang pilpres prabowo subianto
422,2023-05-30 09:49:06+00:00,soffyajkt,prabowo coba untung tel pil pahit kalah berturutturut pilpres
423,2023-05-30 09:49:05+00:00,soffyajkt,teliti pusat riset politik brin wasisto raharjo djati nilai presiden jokowi bent
424,2023-05-30 09:49:00+00:00,Rudigesper,hasil survei lsn pilpres calon ganjar anies sulit prediksi pen
425,2023-05-30 09:48:32+00:00,Rudigesper,responden bunyi pilpres anies baswe
426,2023-05-30 09:48:32+00:00,Rudigesper,hasil survei lsn prabowo subianto menang pilpres calon prab
427,2023-05-30 09:48:29+00:00,Rudigesper,responden bunyi pilpres calon pres
428,2023-05-30 09:48:28+00:00,Rudigesper,dasar simulasi lsn pilpres tokoh prabowo subianto ak
429,2023-05-30 09:48:24+00:00,Rudigesper,hasil survei lsn pilpres laksana prabowo subianto menang
430,2023-05-30 09:48:20+00:00,Rudigesper,jakarta lembaga survei nasional lsn survei elektabilitas capres pilpres hasiln
434,2023-05-30 09:47:42+00:00,MessyHairByF,zulhas apresiasi hadir prabowo acara seraya jalan politik prabowo
435,2023-05-30 09:47:38+00:00,therra_,atur etika sbg kepala negara paham donk ahhadab politik presiden
437,2023-05-30 09:43:45+00:00,Rudigesper,kursi parlemen pasang calon presiden wakil presiden pilpres haru
441,2023-05-30 09:43:29+00:00,Rudigesper,anies dukunga partai ganjar resmi capres pdip
442,2023-05-30 09:43:18+00:00,Rudigesper,direktur lsi djayadi hanan rilis hasil survei nasional lsi peta elektoral pilpres antisipasi put
443,2023-05-30 09:43:15+00:00,Rudigesper,hasil survei lembaga survei indonesia lsi menteri tahan prabowo subianto unggul
444,2023-05-30 09:42:34+00:00,fachriman13,pascapilpres nalar lawan ubah drastis kawan prabowo subianto memutuska
445,2023-05-30 09:42:34+00:00,fachriman13,pilpres prabowo subianto rival jokowi kontestasi
446,2023-05-30 09:42:28+00:00,fachriman13,partai gerindra king maker presiden jokowi anggap nyaman dukung prabowo subianto
447,2023-05-30 09:42:26+00:00,dikkambong_,bicara pilpres prabowo disebutsebut jokowi dasco
448,2023-05-30 09:42:25+00:00,dikkambong_,maju calon presiden capres pilih presiden pilpres prabowo subianto
449,2023-05-30 09:40:56+00:00,gadotaja,salah faktor timbang masyarakat pilih pil
450,2023-05-30 09:40:54+00:00,gadotaja,lsj analisis cross tabulation tabel prabowo subianto
451,2023-05-30 09:40:54+00:00,gadotaja,direktur riset lsj fetra ardianto coba baca pola pilih responden pilpres
452,2023-05-30 09:40:53+00:00,gadotaja,jakarta mayoritas dukung presiden joko widodo jokowi pilpres dukung menteri tahan pr
453,2023-05-30 09:40:17+00:00,fachriman13,jokowi imbang dukung ganjar prabowo subianto
454,2023-05-30 09:40:13+00:00,fachriman13,kamis mei istana bogor kuat sinyal dukung jelang pilpres
455,2023-05-30 09:39:42+00:00,Rudigesper,peta elektoral pilpres antisipasi putar pantau kanal youtube lembaga survei indonesia jak
459,2023-05-30 09:38:11+00:00,sthefanieau_,langkah direalisasasikan pilpres pasang kandidat caprescawapres
460,2023-05-30 09:38:10+00:00,sthefanieau_,konteks pilpres putar upaya bilang serius jokowi dukung mastik
461,2023-05-30 09:36:06+00:00,dikkambong_,koalisi deklarasi partai umum capres cawapr
462,2023-05-30 09:34:28+00:00,dulbedul911,ketua umum partai gerindra prabowo subianto dukung endorsement presiden joko widod
465,2023-05-30 09:32:31+00:00,dulbedul911,fadli zon khawatir jokowi condong dukung ganjar pranowo
466,2023-05-30 09:32:27+00:00,dulbedul911,wakil ketua umum partai gerindra fadli zon dukung presiden joko widodo jokowi mendong
467,2023-05-30 09:31:33+00:00,brendskienavarr,garap serius prabowo kalah jawa timur pilpres men
468,2023-05-30 09:31:31+00:00,brendskienavarr,ujang prabowo subianto garap jawa timur serius ulan
470,2023-05-30 09:31:23+00:00,MessyHairByF,koalisi gabung pasang bert
471,2023-05-30 09:31:14+00:00,brendskienavarr,pilpres prabowo pasang hatta rajasa suara persen
472,2023-05-30 09:31:13+00:00,brendskienavarr,pilpres prabowo subianto alami kalah jatim selisih signif
473,2023-05-30 09:31:12+00:00,brendskienavarr,kalah jatim jawa tengah pengaruh signifikan suara prabowosandiaga pil
474,2023-05-30 09:31:11+00:00,brendskienavarr,pilpres prabowo subianto pasang sandiaga salahuddin uno kalah telak joko widodo da
475,2023-05-30 09:31:09+00:00,brendskienavarr,dasar daftar pilih dpt pilpres pilih jatim capai juta perinci
476,2023-05-30 09:31:09+00:00,brendskienavarr,prabowo kalah wilayah prabowo subianto serius gaet menang suara
477,2023-05-30 09:31:04+00:00,brendskienavarr,direktur eksekutif charta politika yunarto wijaya nilai silahturahmi prabowo subianto khofifah ulama ja
478,2023-05-30 09:30:55+00:00,brendskienavarr,publik nilai langkah prabowo safari politik milu presiden
479,2023-05-30 09:30:29+00:00,fachriman13,don muzakir urus jaring papera indonesia komando menang prabowo subianto
480,2023-05-30 09:30:18+00:00,fachriman13,deklarasi ratus dagang pasar tanda kuat gelombang dukung rakyat jawa tengah ketua umum pa
488,2023-05-30 09:27:31+00:00,fachriman13,pesan kiaikiai prabowo subianto nu menang kontestasi pilpres
489,2023-05-30 09:27:30+00:00,fachriman13,ketua dpd partai gerindra andre rosiade kiai nahdlatul ulama nu pesan pra
490,2023-05-30 09:26:53+00:00,uchnara,sdh psikismembuat staf presiden hrs lurus beliau menang pilpres
515,2023-05-30 09:21:02+00:00,dulbedul911,gerindra pengaruh dukung presiden jokowi pilpres prabowo subianto
517,2023-05-30 09:19:55+00:00,fachriman13,surveri lingkar survei indonesia lsi denny ja ketua partai gerindra prabowo sub
525,2023-05-30 09:17:26+00:00,lehon_mangolu,jakarta immanuel ebenezer gerung dukung presiden joko widodo jokowi ketua prab
526,2023-05-30 09:17:13+00:00,tantrisheryna,jelang pilpres isu ekonomi anggap publik pasca tahun pandemi covid
527,2023-05-30 09:16:54+00:00,Catatan_ali7,capres calon salah calon pilpres gua golput inga
528,2023-05-30 09:15:14+00:00,lehon_mangolu,jakarta gerindra pengaruh dukung presiden jokowi pilpres prabowo subianto
535,2023-05-30 09:12:33+00:00,nikoasli8,sepakat pdip ppp menang ganjar
538,2023-05-30 09:11:13+00:00,nonamanisx9,hadir ganjar kandidat untung part
539,2023-05-30 09:09:37+00:00,rahmanslenco,sampe politik identitas pilkada pilpres tahun
540,2023-05-30 09:09:22+00:00,dhinix7,ganjar kandidat pilpres mema
544,2023-05-30 09:07:37+00:00,fachriman13,tum rawan prabowo subianto mania immanuel ebenezer coba gaet dukung
545,2023-05-30 09:07:10+00:00,lehon_mangolu,baca posisi jokowi dukung ganjar dukung king maker pasca pi
549,2023-05-30 09:05:38+00:00,fachriman13,prabowo subianto menang kontestasi pilpres
550,2023-05-30 09:05:34+00:00,fachriman13,rawan jokowi mania ubah prabowo subianto mania dukung prabowo subianto pr
552,2023-05-30 09:03:57+00:00,lehon_mangolu,nandang sudrajat optimis jawa barat lumbung suara prabowo subianto pilpres
553,2023-05-30 09:03:56+00:00,lehon_mangolu,heri ukasah harap urus papera gerak jaga militansi galang suara dagang menang
554,2023-05-30 09:03:32+00:00,SamsudinBarus,menhan era jokowi nilai pimpin ikhlas pilih presiden pil
557,2023-05-30 09:02:01+00:00,rendraax1,hasil survei elektabilitas potensi menang
560,2023-05-30 09:01:01+00:00,fachriman13,pilih presiden jokowi pilpres pilih prabowo subianto pilpres
561,2023-05-30 09:00:59+00:00,fachriman13,prabowo subianto potensi menang pilpres burhanuddin lembaga survei menu
562,2023-05-30 09:00:57+00:00,fachriman13,direktur eksekutif indikator politik indonesia burhanuddin muhtadi temu presiden joko widodo de
565,2023-05-30 08:59:25+00:00,SamsudinBarus,cicit kh hasyim asyari prabowo restu maju pilpres
566,2023-05-30 08:59:06+00:00,SamsudinBarus,prabowo capres partai gerindra kunjung pesantren kh has
567,2023-05-30 08:57:54+00:00,Imrajula3,sikon bong emang den ganjar kalo pergi
574,2023-05-30 08:56:20+00:00,fachriman13,presiden joko widodo anggap nyaman dukung prabowo subianto pilpres prabowo subianto
578,2023-05-30 08:55:46+00:00,tantrisheryna,endorsment sokong jokowi pengaruh sukses prabowo meme
580,2023-05-30 08:54:22+00:00,tantrisheryna,tabel prabowo dukung pilih jokowi pilpre
581,2023-05-30 08:54:21+00:00,tantrisheryna,tabel hasil analisis cross tabulation variabel pilih responden pilpres va
585,2023-05-30 08:53:40+00:00,SerigalaEmpat,capres pilpres diam
595,2023-05-30 08:51:45+00:00,satire1892,bang ga pilpres hilang narasi cebong kadrun bosen gua kalo politik isi gitu gitu doang
597,2023-05-30 08:51:41+00:00,lehon_mangolu,pasar lumbung suara dukung prabowo subianto pilpres
598,2023-05-30 08:51:37+00:00,lehon_mangolu,dpc papera majalengka deklarasi dukung prabowo subianto pilpres deklarasi hadir pimpin
601,2023-05-30 08:49:59+00:00,m_yhy26,anies juang pilpres sehat jatuh lawan politik curang
602,2023-05-30 08:49:16+00:00,bilyssaputra1,angka menang jokowi jatim pilpres februari na
603,2023-05-30 08:49:06+00:00,indeks_politika,prabowo bicara ekonomi citacita prabowo ekonomi indonesia
604,2023-05-30 08:48:53+00:00,bilyssaputra1,target persen menang prabowo subianto jawa timur pilpres rakord
605,2023-05-30 08:48:05+00:00,SerigalaEmpat,dukung prabowo subianto calon presiden pilpres
607,2023-05-30 08:46:31+00:00,serigala_satu,tokoh harap dukung jokowi maju pilpres
612,2023-05-30 08:44:43+00:00,SerigalaEmpat,maju pilpres pria akrab sapa noel belah prabowo kamis
613,2023-05-30 08:42:49+00:00,GagakNewww,musuh utk pilpres grombolan pki hti fpi simpatisan ormas teroris ihwanul muslimun yg naung pks
614,2023-05-30 08:42:32+00:00,AndriK14567,ubah arah dukung rawan presiden joko widodo pilpres
616,2023-05-30 08:40:17+00:00,doni_valentin,tau semangat utk maju pilpres jg bangga dgn ubah pol
621,2023-05-30 08:38:17+00:00,serigala_satu,kontestasi pilih presiden pilpres
622,2023-05-30 08:38:04+00:00,serigala_satu,pilpres prabowo rival jokowi kontestasi
624,2023-05-30 08:37:32+00:00,R_GUN4W4N,pilpres tarung darat kuat real menang kontestasiketum parpol sepert
629,2023-05-30 08:37:07+00:00,harrispradana_,probabilitas menang pilpres prabowo subianto
630,2023-05-30 08:37:06+00:00,harrispradana_,konteks pilpres putar upaya bilang serius jokowi dukung
633,2023-05-30 08:36:33+00:00,maggotagram,suara prabowo pilpres skrg alih anies
636,2023-05-30 08:33:41+00:00,serigala_satu,ssis pilih presiden jokowi pilpres pilih prabowo pilpres
643,2023-05-30 08:32:12+00:00,harrispradana_,selisih signifikan banding pilpres prabowo subianto
644,2023-05-30 08:32:11+00:00,harrispradana_,pilpres prabowo subianto alami kalah jatim prabowo subianto
647,2023-05-30 08:30:35+00:00,serigala_satu,pendam rapatrapat prabowo potensi menang pilpres
649,2023-05-30 08:30:30+00:00,serigala_satu,prabowo subianto kuat sinyal dukung jelang pilpres
650,2023-05-30 08:30:27+00:00,serigala_satu,jokowi sinyal kuat dukung prabowo pilpres
653,2023-05-30 08:30:25+00:00,serigala_satu,pilpres milik dukung minimal kursi dpr ri
659,2023-05-30 08:26:39+00:00,IwanKurus8,rem presiden cawecawe pilpres biar adil yuk cawecawe dukung anies baswedan biar pil
670,2023-05-30 08:23:34+00:00,SonnyTulang,ketua umum partai gerindra prabowo subianto maju tarung pilih presiden pil
671,2023-05-30 08:23:10+00:00,artiasdeby3,prabowo ponpes amanatul ummah urus restu dukung pilpres
672,2023-05-30 08:22:29+00:00,changkaligus,kontestasi pilpres nyinyir beliau henti akal sehat
673,2023-05-30 08:22:24+00:00,DwiNina93,rt janji rezim jokowi layak percaya ekspor pasir laut jela
681,2023-05-30 08:20:11+00:00,akbar2913018658,kayak si ngaku turun gunung dengar pil
683,2023-05-30 08:19:53+00:00,Carisaa__,sehat ganjar pranowo moga menang pilpres
684,2023-05-30 08:19:45+00:00,tantrisheryna,dukung prabowo subianto maju calon presiden capres pilpres bogor jawa barat minggu
690,2023-05-30 08:19:19+00:00,SonnyTulang,noel optimistis raih persen suara ajang pilih presiden pilpres mendat
691,2023-05-30 08:19:19+00:00,SonnyTulang,harap ulang pilpres prabowo subianto
694,2023-05-30 08:18:40+00:00,maplelattev,anies saing juang pilpres percaya
695,2023-05-30 08:18:17+00:00,wahyumliknyrhea,anies percaya menang pilpres
697,2023-05-30 08:16:26+00:00,tantrisheryna,upaya bilang serius jokowi dukung probabilitas mena
698,2023-05-30 08:16:25+00:00,tantrisheryna,konteks pilpres putar prabowo subianto
699,2023-05-30 08:16:17+00:00,dozyong,kuat rival politik pilpres anies pudar
700,2023-05-30 08:16:09+00:00,tantrisheryna,nilai faktor jokowi arah dukung prabowo pilpres mendatan
702,2023-05-30 08:15:15+00:00,lehon_mangolu,posisi prabowo menteri tahan menteri menjad
703,2023-05-30 08:14:55+00:00,pinterpolitik,presiden jokowi acu cawecawe pilpres temu pimpin redaksi
706,2023-05-30 08:12:52+00:00,lehon_mangolu,dukung garut dukung kabupaten kota
708,2023-05-30 08:12:27+00:00,pyylahh1,ketua dpp partai gerindra sufmi dasco ahmad buruburu prabowo subianto dukung
711,2023-05-30 08:11:19+00:00,SonnyTulang,calon wakil presiden cawapres pilpres prabowo subianto
718,2023-05-30 08:09:25+00:00,tantrisheryna,pilpres milu konstitusional mandat rakyat
719,2023-05-30 08:09:23+00:00,tantrisheryna,pilpres milu kontestasi penuh saudara prabowo subianto
722,2023-05-30 08:08:52+00:00,SonnyTulang,teliti lingkar survei indonesia lsi denny ja ardi sopa mayoritas pilih partai golkar mem
723,2023-05-30 08:08:26+00:00,RestidaD,anies percaya sosial dukung maju pilpres
727,2023-05-30 08:06:04+00:00,pyylahh1,kelompok rawan jokowi mania resmi bentuk organisasi prabowo mania dukung prabowo subianto pi
729,2023-05-30 08:05:20+00:00,SonnyTulang,jakarta surveri lingkar survei indonesia lsi denny ja ketua partai gerindra
730,2023-05-30 08:05:16+00:00,SerigalaEmpat,gibran rakabuming raka pilih presiden pilpres
754,2023-05-30 07:58:19+00:00,tantrisheryna,prabowo subianto ketua umum partai gerindra maju tarung pilih pres
778,2023-05-30 07:53:24+00:00,MgmPtmgm,rakyat segan lawan campur tangan cawe cawe jokowi milu pilpres
780,2023-05-30 07:51:27+00:00,dikkambong_,presiden joko widodo jokowi maju pilpres prabowo subianto
792,2023-05-30 07:47:05+00:00,SerigalaEmpat,bulat dukung prabowo pilpres
795,2023-05-30 07:46:58+00:00,SerigalaEmpat,dukung prabowo subianto pilpres putus ambil
802,2023-05-30 07:44:41+00:00,srisusilawati52,jokowi arah dukung prabowo subianto pilpres faktor
806,2023-05-30 07:42:48+00:00,buangmursalim11,pusing yg pilegpilpres
810,2023-05-30 07:41:45+00:00,AgusPrasodjo2,yg tdk tolak program jokowi yg blm beres th
811,2023-05-30 07:41:18+00:00,SerigalaEmpat,prabowo jokowi saing pilpres
812,2023-05-30 07:41:14+00:00,SerigalaEmpat,ganjar pranowo mania pilpres
813,2023-05-30 07:40:59+00:00,SerigalaEmpat,calon presiden capres pilpres
815,2023-05-30 07:39:50+00:00,SherynaTantri,survei lsi denny ja mei tarung rebut pilih provinsi indonesia ole
817,2023-05-30 07:39:34+00:00,SherynaTantri,prabowo subianto calon presiden bacapres pilpres gerindra pkb unggul tingkat elektabilitas
830,2023-05-30 07:37:19+00:00,SherynaTantri,rekam jejak pilpres prabowo kenal angkat ekonomi rakyat prabowo subianto
831,2023-05-30 07:37:16+00:00,SherynaTantri,rekam jejak citacita prabowo ekonomi indonesia macan asia kenal luas pilpres
835,2023-05-30 07:36:03+00:00,IwanKurus8,jokowi cawecawe capres ngeri yak yuk cawecawe dukung anies baswedan biar pilpres
842,2023-05-30 07:35:01+00:00,DesaJamhari,harapanya prabowo dg ganjar lawan tanding pilpres yad moga jalan
846,2023-05-30 07:34:38+00:00,Sona57975698,rt presiden cawecawe pilpres mari rakyat indonesia jgn biar beliau sendiran rakyat turun
877,2023-05-30 07:25:25+00:00,jason_cahya,putus mk pilpres prabowo jatuh putus pu
891,2023-05-30 07:18:38+00:00,FadliFa84880680,yg bs jamin utk pilpres anies tdk deal dgn oligarki
895,2023-05-30 07:15:22+00:00,frasetyoerwan0,jateng jatim dki menang gabung indonesi
898,2023-05-30 07:13:49+00:00,SerigalaEmpat,kuda potensi balap pilpres
904,2023-05-30 07:10:30+00:00,Fr4nst,gak mazulkan sbypilpres dngn presiden kuasa sby jo
909,2023-05-30 07:09:34+00:00,ConstantinusMi,jokowi pilpres panggung prabowo prabowo subianto
910,2023-05-30 07:09:34+00:00,dana_politik,habis ide panik tahun gak kuasa karna prabowo subianto menang pilpres
915,2023-05-30 07:08:28+00:00,MgmPtmgm,janji rezim jokowi layak percaya ekspor pasir la
917,2023-05-30 07:07:27+00:00,Fr4nst,pilpres dngn presiden kuasa sby jokowi presiden sby jg tid
927,2023-05-30 07:02:38+00:00,Fr4nst,pilpres dngn presiden kuasa sby jokowi presiden sby jg
932,2023-05-30 06:59:42+00:00,matsouleh,moga dukung masyarakat banten ganjar menang pilpres
934,2023-05-30 06:58:30+00:00,GagakNewww,gembel ormas komunis hti fpi syetan wahabi trs bikin hoax tebar fitnah pilpres
951,2023-05-30 06:50:56+00:00,manaf_ramli,eks kelompok rawan dukung presiden jokowi pilpres jokowi mania joman deklarasi dukung kepad
952,2023-05-30 06:50:55+00:00,manaf_ramli,kursi parlemen pasang calon presiden wakil presiden pilpres mi
954,2023-05-30 06:48:40+00:00,gonzales_spin,pr prabowo jelang pilpres yg mesti
957,2023-05-30 06:48:14+00:00,AkbarN2314,restu anies baswedan maju pilpres
958,2023-05-30 06:47:58+00:00,AkbarN2314,dukung maju pilih presiden pilpres
960,2023-05-30 06:46:18+00:00,MatJohar3,kaum sakit hati sebentar kalain jeda waktu sebentar krn pilpres
973,2023-05-30 06:40:08+00:00,soffyajkt,angka menang jokowi jatim pilpres prabowo subianto
974,2023-05-30 06:40:06+00:00,soffyajkt,alas sadad target menang prabowo persen jatim kaca kemen
980,2023-05-30 06:37:24+00:00,soffyajkt,dpd gerindra jawa timur pasang target menang persen jatim ketua umum gerindra prabowo subiant
983,2023-05-30 06:37:14+00:00,radiefrmadna,kecewa netral jabat
987,2023-05-30 06:35:30+00:00,AntiPekines,postingan edorgan kalah survey menang pilpres turkiye trus insyaalloh anies presiden ri
991,2023-05-30 06:33:29+00:00,Rizwariryb,citacita prabowo ekonomi indonesia macan asi kenal luas pilpres
994,2023-05-30 06:32:26+00:00,tangkulara,jakarta populi center rilis hasil survei pilpres senin hasil menteri tahan ri pra
1014,2023-05-30 06:25:19+00:00,Rizwariryb,prabowo bicara ekonomi jejak citacita prabowo ekonomi indonesia
1017,2023-05-30 06:24:19+00:00,AdeSaung,tau followers jokowi berkontestasi pilpres
1021,2023-05-30 06:23:30+00:00,manaf_ramli,simulasi pilpres capres pilih jokowi pilpres
1022,2023-05-30 06:23:26+00:00,manaf_ramli,hasil survei lsj mayoritas pilih prabowo pilpres loyal pilih ketua
1023,2023-05-30 06:23:19+00:00,manaf_ramli,lawat solo prabowo dukung pilpres rawan jokowigibran
1030,2023-05-30 06:21:00+00:00,BwSahar,survei populi center prabowo tokoh capres pilih publikjakarta populi center rilis hasil survei menu
1031,2023-05-30 06:20:29+00:00,AkbarN2314,jokowi dukung prabowo pilpres
1034,2023-05-30 06:18:13+00:00,manaf_ramli,politik rocky gerung sorot kait sinyal dukung keluarga presiden joko widodo jokowi ara
1037,2023-05-30 06:17:29+00:00,AkbarN2314,lambang kepala banteng moncong putih pilpres
1038,2023-05-30 06:17:27+00:00,AkbarN2314,komentar ganjar pranowo usung capres pdip pilpres
1039,2023-05-30 06:14:21+00:00,AkbarN2314,ganjar pranowo usung calon presiden pdip pilpres jumat
1040,2023-05-30 06:14:18+00:00,AkbarN2314,pilih presiden pilpres jokowi
1044,2023-05-30 06:04:47+00:00,srisusilawati52,basis pilih presiden jokowi pilpres pilih prabowo pilpres
1045,2023-05-30 06:04:44+00:00,srisusilawati52,prabowo potensi menang pilpres burhanuddin lembaga survei
1046,2023-05-30 06:04:41+00:00,srisusilawati52,kuat sinyal dukung jelang pilpres dukung ganjar pra
1047,2023-05-30 06:04:40+00:00,srisusilawati52,poltracking indonesia jokowi sinyal kuat dukung prabowo pilpres
1049,2023-05-30 06:04:28+00:00,BapakFadilLagi,anies maju pilpres cawapres
1050,2023-05-30 06:04:19+00:00,sumoburloff,mutu campur pilpres jegal anies krn takut langgeng keluarga jabat
1058,2023-05-30 05:54:19+00:00,Mangdayat2,pilpres prsaingan sengit cm ganjar vs prabowo heran media bnyk ngbhs jgoannya metro sm
1067,2023-05-30 05:50:31+00:00,AzadiRio,sy usul spy hemat anggar negara pilpres selenggara format polling twitter
1069,2023-05-30 05:47:36+00:00,pyylahh1,jelang pilpres menteri tahan menhan prabowo subianto unggul provinsi indonesia
1071,2023-05-30 05:45:37+00:00,ConstantinusMi,pilpres kelompok rawan prabowo subianto
1073,2023-05-30 05:42:43+00:00,AkbarN2314,cocok wakil ganjar pranowo pilpres
1074,2023-05-30 05:40:11+00:00,ConstantinusMi,jokowi pilpres barusan solid dukung prabowo prabowo subianto
1075,2023-05-30 05:40:09+00:00,ConstantinusMi,dukung prabowo pilpres immanuel ebenezer prabowo subianto
1076,2023-05-30 05:40:04+00:00,vanderwooodsen,pilpres anies lawan berat anies
1077,2023-05-30 05:39:54+00:00,VeelaaRhie,rt mari smua padu kuat menang pilpres jngn kendor
1081,2023-05-30 05:39:21+00:00,Iyok16341083,mari smua padu kuat menang pilpres jngn
1083,2023-05-30 05:39:13+00:00,bagasdjayanta,rt pilpres pilih jokowiga alas knp sy pilih gpnyalinya ragu
1084,2023-05-30 05:39:05+00:00,AkbarN2314,ganjar pranowo usung pdip capres pilpres
1085,2023-05-30 05:39:04+00:00,AkbarN2314,cawapres damping ganjar pranowo pilpres
1087,2023-05-30 05:36:37+00:00,JalanKe83957796,data kait pilpres goblok kau ngomong tahun wakak
1088,2023-05-30 05:36:36+00:00,ConstantinusMi,dukung prabowo pilpres prabowo subianto
1091,2023-05-30 05:33:30+00:00,dpcgerindr40877,citacita prabowo ekonomi indonesia macan asi kenal luas pilpres sek
1095,2023-05-30 05:29:54+00:00,syarifniskala,cawecawe pilpres makna atur biaya curang paksa kerah aparatur
1096,2023-05-30 05:26:41+00:00,akbar2913018658,presiden guru bangsa bkn tebar fitnah amp provokasi turun gunungkarena
1097,2023-05-30 05:26:35+00:00,SiKudaHitam3,incar the last chance elektabilitas alas
1098,2023-05-30 05:24:56+00:00,dpcgerindr40877,populi center elektabilitas prabowo capai unggul ganjar aniessurvei populi center prabowo tokoh
1100,2023-05-30 05:24:52+00:00,AkbarN2314,damping ganjar pranowo pilpres
1101,2023-05-30 05:24:30+00:00,ConstantinusMi,wakil presiden pilpres milik prabowo subianto
1104,2023-05-30 05:21:49+00:00,popudlar,kalo liat rekam jejak sih anies dulang suara pilpres
1105,2023-05-30 05:21:32+00:00,NapiPKS,hasil pilpres ga dr pilpres amp unggul jateng amp jatim kunci utama menang
1106,2023-05-30 05:21:26+00:00,Azkadin97,keren tanah jawara menang ganjar pranowo pilpres karna gan
1107,2023-05-30 05:21:25+00:00,srisusilawati52,meta menang menteri tahan menhan pilpres
1108,2023-05-30 05:21:19+00:00,srisusilawati52,menang pilpres sinyal dukung prabowo
1111,2023-05-30 05:20:10+00:00,Sindi1292,gue si anies menang pilpres
1112,2023-05-30 05:19:59+00:00,XLR8_2000,anies mudah komunikasi dengernya pinter tuh
1113,2023-05-30 05:19:27+00:00,AkbarN2314,rawan jokowi bulat dukung prabowo subianto pilpres
1114,2023-05-30 05:19:03+00:00,zi_dane30,semangat solid partai pdip ppp upaya
1115,2023-05-30 05:18:29+00:00,EveSosa73162554,anies alam gubernur jakarta modal harga kompetisi pilpres
1116,2023-05-30 05:17:32+00:00,Seti4wone,klu pasang yg pilpres anies keok duluan
1121,2023-05-30 05:16:43+00:00,ahmadshrl30,semangat pdip ppp upaya menang
1122,2023-05-30 05:16:36+00:00,Fauion,mantap tanah jawara dukung ganjar pilpres
1123,2023-05-30 05:16:09+00:00,bellatry10,menang ganjar pilpres pdip ppp
1124,2023-05-30 05:16:06+00:00,Lufitasari__,banget nih menang ganjar pranowo
1125,2023-05-30 05:15:32+00:00,MYanuarPribadi,jago tdk menang kontestasi pilpres bikin ga
1126,2023-05-30 05:15:21+00:00,AbdullahRisalah,kalo gua banget sih ganjar kuat pilpres
1127,2023-05-30 05:14:56+00:00,Kayshilaa_,moga aja pesta demokrasi jalan lancar ga
1128,2023-05-30 05:14:13+00:00,Carisaa__,mantep nih partai pdip ppp jalan pesta demokra
1131,2023-05-30 05:12:13+00:00,sarina484819501,yo pilpres yokkk anies yuk
1132,2023-05-30 05:11:01+00:00,cntiik3,rawan anies klo anies menang pilpres
1133,2023-05-30 05:10:35+00:00,Lioni00,anies menang pilpres fairplay
1134,2023-05-30 05:09:48+00:00,putdah1,alam yg dunia politik pimpin anies maju pilpres
1135,2023-05-30 05:09:42+00:00,Sindi1292,gue anies maju pilpres
1137,2023-05-30 05:08:39+00:00,AIM393284865068,kalo ganjar pranowo presiden rakyat
1138,2023-05-30 05:08:31+00:00,sindi512,segi didik gubernur anies bawa ubah
1139,2023-05-30 05:05:13+00:00,prabudiman_,moga aja ganjar pranowo menang pilpres indonesia maju tangan beliau
1140,2023-05-30 05:04:35+00:00,Ayusafi89,gw sih ganjar pranowo menang pilpres masyarakat indonesia
1141,2023-05-30 05:04:08+00:00,maharaniandina1,track rekor anies bagus tsayy gue mah yg menang pilpres taon
1142,2023-05-30 05:04:01+00:00,trym110,udah ga lawan ganjar yg optimis ganjar menang pilpres
1143,2023-05-30 05:03:58+00:00,HermanBudiSant4,adlh duga sekongkol pilpres ulang untung
1144,2023-05-30 05:03:23+00:00,cachanmin,yg klo anies menang pilpres
1145,2023-05-30 05:01:52+00:00,mandaaurale,mari dukung ganjar pilpres
1146,2023-05-30 04:59:55+00:00,trym110,deh ganjar menang pilpres
1147,2023-05-30 04:59:11+00:00,sertu8507,ppp pdip sepakat menang ganjar pilpres
1148,2023-05-30 04:58:11+00:00,ConstantinusMi,pdip ancam maksimal menang pilpres prabowo subianto
1149,2023-05-30 04:57:38+00:00,tondang_t7239,dukung prabowo subianto pilpres indonesia
1154,2023-05-30 04:55:23+00:00,Carisaa__,hebat ganjar pranowo upaya sejahtera rakyat sem
1155,2023-05-30 04:54:20+00:00,tondang_t7239,dukung jokowi maju pilpres
1158,2023-05-30 04:51:18+00:00,abdrohi93277722,prabowo kalah pilpres krn apatahukah anies kelak kalah pilpres bhkn ja
1164,2023-05-30 04:44:23+00:00,P3n99u94t,suara rakyat anies baswedan pilpres
1167,2023-05-30 04:37:52+00:00,my1004yjh,kalo indo tahun ngga sih gencar pilpres
1168,2023-05-30 04:37:42+00:00,fadhlierlanda,banget presiden temu amp komunikasi dgn yg gadang capres
1169,2023-05-30 04:36:27+00:00,ConstantinusMi,dukung prabowo subianto pilpres prabowo subianto
1170,2023-05-30 04:35:52+00:00,wibiandrino,presiden cawecawe pilpres mari rakyat indonesia jgn biar beliau sendiran rakyat turun
1173,2023-05-30 04:33:18+00:00,ConstantinusMi,ambil tindak hukum curang pilpres prabowo subianto
1174,2023-05-30 04:33:02+00:00,Hans_prayoga70,fakta sj milu pilpres kl hny modal votting medsos gk dpt jdikan variabel krn
1176,2023-05-30 04:32:26+00:00,tondang_t7239,jokowi maju pilpres ganjar
1177,2023-05-30 04:32:10+00:00,ConstantinusMi,menang prabowo pilpres prabowo subianto
1178,2023-05-30 04:30:58+00:00,ConstantinusMi,dukung prabowo subianto maju pilpres prabowo subianto
1179,2023-05-30 04:29:08+00:00,Hans_prayoga70,kl liat dr politik anies gue kgk anies menang pilpres dn jd presiden jd gu
1181,2023-05-30 04:24:46+00:00,tondang_t7239,cenderung dukung jokowi pilpres
1182,2023-05-30 04:24:46+00:00,budinasrul09,mimpi tinggi pilpres anies pilih presiden
1184,2023-05-30 04:24:32+00:00,tondang_t7239,bangkit indonesia raya prabowo subianto pilpres
1187,2023-05-30 04:23:31+00:00,helmihakam7,gin ganjar pranowo menang pilpres presiden ri ndk cm jala
1188,2023-05-30 04:23:25+00:00,AhmadAr34758311,coba klw jokowi pilpres menang putar suara
1189,2023-05-30 04:23:04+00:00,EagleReaper01,rt kalo ga diributin skrg monyet istana smakin liarseenaknya atur musim pilpres
1191,2023-05-30 04:15:48+00:00,srisusilawati52,wartawan kemarin jokowi wejang menhan prabowo subianto maju
1192,2023-05-30 04:09:30+00:00,tondang_t7239,tokoh sinyalemen dukung kait pilpres
1194,2023-05-30 04:08:58+00:00,paulgn32,fix pilpres tarung prabowo ganjar aja
1196,2023-05-30 04:05:18+00:00,tondang_t7239,arah posisi pdip pilpres
1197,2023-05-30 04:05:12+00:00,tondang_t7239,presiden pilpres mudah megawati pdip
1198,2023-05-30 04:03:41+00:00,Zizou_Zidane05,prabowo bicara kontestasi politik calon presiden beliau jabat panggung jabat
1202,2023-05-30 04:00:56+00:00,tondang_t7239,prabowo cawapres damping megawati pilpres
1203,2023-05-30 04:00:45+00:00,tondang_t7239,dukung prabowo maju pilpres
1204,2023-05-30 03:59:08+00:00,syabinaadelia,rt terang dki aja ane sosok anies sebenernya sulit menang pilpres dki lhoo
1206,2023-05-30 03:55:31+00:00,srisusilawati52,calon presiden prabowo subianto presiden pilpres
1209,2023-05-30 03:50:55+00:00,faizalassegaf,jokowi prabowo lucut pengaruh megawati wajar loyalis ngamukby faizal assegaf kritikusberbeda pil
1214,2023-05-30 03:46:06+00:00,lustfullylxna,yaudah sekian curhat mama lana anak udah fase preteen bobo bahas pilpres keuke
1217,2023-05-30 03:44:33+00:00,KepaArgawinata2,pilpres dukung prabowo dukung anies klo putar
1218,2023-05-30 03:43:52+00:00,tondang_t7239,maju pilpres sinyalemen dukung lepas faktor
1219,2023-05-30 03:41:34+00:00,uthienuke,presiden erdogan kalah hasil survey tp menang suara rakyat turki moga yg aka
1221,2023-05-30 03:40:31+00:00,srisusilawati52,eksodus besarbesaran rawan dukung joko widodo prabowo subianto pilpres
1225,2023-05-30 03:36:12+00:00,david_gliath,kalo ga diributin skrg monyet istana smakin liarseenaknya atur musim pilpres
1226,2023-05-30 03:34:39+00:00,MbahWin3,percaya lembaga survey yg menang anis spt tv one yg meme
1234,2023-05-30 03:23:05+00:00,srisusilawati52,nilai kondisi ganjar pdip ancam maksimal menang pilpres
1235,2023-05-30 03:22:56+00:00,srisusilawati52,gibran rakabuming raka dukung prabowo subianto pilpres
1243,2023-05-30 03:12:28+00:00,FelixSGL1,terang dki aja ane sosok anies sebenernya sulit menang pilpres dk
1244,2023-05-30 03:10:26+00:00,sinta_tatit,capres pilpres prabowo subianto
1245,2023-05-30 03:09:27+00:00,SsPasadena,rt izin jokowi cuti paksa mundur cawecawe pilpres
1247,2023-05-30 03:08:25+00:00,harlansmfachra,presiden sdh cawe cawe pilpres merupaka isarat peran
1250,2023-05-30 03:04:41+00:00,GatraMediaGroup,elektabilitas menteri bumn erick thohir tren positif hasil lembaga survei menjad
1253,2023-05-30 03:02:28+00:00,black011285,musryk yg percaya dgn tweeter klo anis menang pilpres yg amiin
1254,2023-05-30 03:02:23+00:00,sinta_tatit,jokowi bahumembahu pilpres prabowo subianto
1255,2023-05-30 03:02:20+00:00,sinta_tatit,mayoritas dukung jokowi pilpres prabowo subianto
1256,2023-05-30 02:59:43+00:00,sinta_tatit,rawan klaim persen rawan jokowi dukung prabowo pilpres prabowo subianto
1258,2023-05-30 02:55:46+00:00,BANGSAygSUJUD,neng aja nikmat tarung pilpres
1259,2023-05-30 02:55:05+00:00,kinoysuki,aman menang pilpres
1260,2023-05-30 02:49:59+00:00,4G2024,harap kaum milenialbapak kandidat capres pilpres
1263,2023-05-30 02:43:41+00:00,abas_jo,presiden ketua panitia pilpres sampe situ sdh ga bener krn kes kental
1264,2023-05-30 02:36:21+00:00,IrvanRajulan,gelisah jokowi pilpres gelisah menang jag
1265,2023-05-30 02:35:58+00:00,pinterpolitik,koalisi ubah usung anies baswedan rongrong kuat isu bentuk
1266,2023-05-30 02:34:39+00:00,pinterpolitik,salah centre for strategic and international studies csis jusuf wanandi nilai pilpres isi paslon
1267,2023-05-30 02:28:18+00:00,tgen888,yg mencb manipulasi pilpres klu lbh ach
1270,2023-05-30 02:16:00+00:00,AbdoelRsd,kl harap wapres kyai marup amin hak cawecawe pilpres dgn kataka
1271,2023-05-30 02:15:28+00:00,Shofia_Labora,capres yg dukung umat islam tuding pro khilafah
1272,2023-05-30 02:15:27+00:00,dayana47631052,kalo opini sampean temen infikasi anies jegal bela
1279,2023-05-30 02:12:50+00:00,LmaoGPT,netral presiden jokowi aktris bantu dala
1281,2023-05-30 02:11:29+00:00,egaalice,rt sungguh anies wujud fairplay daerah landas maju
1286,2023-05-30 02:06:45+00:00,SsPasadena,izin jokowi cuti paksa mundur cawecawe pilpres
1287,2023-05-30 02:06:26+00:00,DeaRismaCW,anies rakyat anies menang pilpres
1288,2023-05-30 02:06:20+00:00,blankwear_,pilpres aja jual radikal radikul
1289,2023-05-30 02:04:58+00:00,HasaniRobby,modal pilpres sda yg aja yg duit jual keru
1290,2023-05-30 02:04:10+00:00,KhandIskandar,tahan kuasa jelang pilpres
1301,2023-05-30 01:29:28+00:00,AlyaginY,pilpres rame rame pilih ganjar tugas partai biar ancur dn segra allah turun azabn
1302,2023-05-30 01:27:47+00:00,Borne0Kratom,bukti hasil korupsi krn butuh utk pilpres
1303,2023-05-30 01:25:45+00:00,mr6906552664,pki bangkit utk pilpres presiden diam kah cawe
1307,2023-05-30 01:16:15+00:00,akubzeta71,takut niru junjung lbh santun bicara buka anies
1308,2023-05-30 01:14:28+00:00,boyfahrullah,gila bunuh den klo pilpres rakyat pilih bahw
1309,2023-05-30 01:05:12+00:00,update4e4,nandang sudrajat optimis jawa barat lumbung suara prabowo subianto pilpres nand
1310,2023-05-30 01:04:58+00:00,update4e4,umum partai gerindra prabowo subianto pilpres selamat emban tugas moga papera jembat
1311,2023-05-30 00:57:43+00:00,RudyCahyon37382,rt klo tusuk lambang partai sistem tutup pilih sj partai yg focus bs jaga
1312,2023-05-30 00:49:50+00:00,Ruslinkan,mending golput kalo anies ga pilpres
1314,2023-05-30 00:49:02+00:00,AlianisBgd,kalo gitu sih gw sahabat rusak gara pilpres prabowo bagus anies
1315,2023-05-30 00:41:51+00:00,mediokere,dukung prabowo skrg mah anteng aja klo pilpres
1318,2023-05-30 00:39:54+00:00,mediokere,nambahin ah lupa jaman pilpres buzzer prabowo parah buzzer jkw sm prabowo bener ributt mulu
1319,2023-05-30 00:36:46+00:00,EkoPutr86520727,sy sptnya utk giring opini mega usung prabowoganjar pilpres han
1323,2023-05-30 00:28:20+00:00,AbukhaliefR,ga statement mahfud tentag lgbt bagaiman
1324,2023-05-30 00:26:49+00:00,JokoYosep,salah pilpres kontestan putara
1325,2023-05-30 00:25:34+00:00,AbukhaliefR,harap hati jelang pilpres milu surat suara container yg
1326,2023-05-30 00:21:45+00:00,BANGSAygSUJUD,dar pilpres negara pasca pakde jokowi lesat menyungsep
1330,2023-05-30 00:03:24+00:00,junichirich,krn gw ga jago pilpres jd bebas aja yg no bnyk dukung to
1331,2023-05-30 00:00:54+00:00,Sadamhusen77791,jokowi olah olah pimpin yg hasil nyah sayah analisa jokowi yg sibuk ngatu
1333,2023-05-29 23:47:40+00:00,febhrian,genting kah negara anies menang pilpres janganjangan yg genting
1346,2023-05-29 23:35:16+00:00,JurnalAspirasi,cawe pilpres jokowi sogok pemred makan jinak pimpin ampmeman
1357,2023-05-29 23:32:59+00:00,kuncoro22830322,ksatria dlm pakem jawa ngluruk tanpo bolo menang tanpo nasorak juang massa menang me
1359,2023-05-29 23:31:24+00:00,sptradrian1,prabowo menang kontestasi pilpres noel
1383,2023-05-29 23:27:34+00:00,almarwanto,menang pilpres simpul
1391,2023-05-29 23:00:57+00:00,RidwanMarpaung5,menang poling dar hibur anis pks tdk yg pilp
1457,2023-05-29 22:16:59+00:00,FalNdaru,rt simpul usaha ganjal anies maju pilpres yg bilang it
1468,2023-05-29 21:41:32+00:00,garukinonoku,rt ngarep loe yaa survey si yaman maling kalah tp ngarep menang pilpres inget mus si yama
1479,2023-05-29 20:19:52+00:00,irhamnapermana,bilang denny kader gerindra cek dah tweet cu
1482,2023-05-29 19:54:08+00:00,adikusdianto,rukun guyub pilpres gelod selesai acara pilpres yo rukun mane
1487,2023-05-29 19:45:02+00:00,HendZiddane,ag rutin komntari ps pilpres basi gak bosen
1489,2023-05-29 19:40:29+00:00,claudiahierari,dana dr sumbang alumni urus rajatikam
1494,2023-05-29 19:20:34+00:00,nndoyoyo,suicide sempet pikir pas inget one piece tamat arsenal juara ucltwice disband
1498,2023-05-29 19:11:04+00:00,momon_adjah,sejarah dlm pilpres pilkada ji
1513,2023-05-29 18:23:59+00:00,haura_misyella,mantap sih bulat dukung prabowo maju pilpres capres dekade mendingprabowo terusmajubersamaprabowo
1515,2023-05-29 18:23:30+00:00,FarisWahyudi_,tema obrol cowok kalo begadangjam bisnisjam pilpres jam elite globaljam sejarah nabi
1518,2023-05-29 18:20:31+00:00,syahfamildabela,wuih all out dukung prabowo pilpres capres dekade mendingprabowo terusmajubersamaprabowo
1523,2023-05-29 18:14:00+00:00,AfdalAfdol,hidup ganjar berwarnajelang pilpres rajin sowan kyai klo sdh santai suka nonton vagina org film porno
1526,2023-05-29 18:09:42+00:00,MUSUHKHAWARIJ,pilpres ekstrim bang kawa
1532,2023-05-29 17:58:45+00:00,faizalassegaf,politik cawecawe jokowi jegal anies begal demokrat singkir megawati by faizal assegaf kritikusjokowi
1537,2023-05-29 17:52:07+00:00,EppoyNich,ngarep loe yaa survey si yaman maling kalah tp ngarep menang pilpres inget mus
1539,2023-05-29 17:47:17+00:00,Dry_Sheriff,elektabilitas buncit anies tim ka
1543,2023-05-29 17:39:12+00:00,effendi_kardo,prof bocor informasi intelejen yah prof idealisme pr
1554,2023-05-29 17:15:41+00:00,hidayatdayato,sak karepmulah anies menang pilpres
1567,2023-05-29 16:48:38+00:00,tu_emesaa,pilpres all in ganjar lahh
1570,2023-05-29 16:45:06+00:00,Fauion,dukung ganjar pilpres
1603,2023-05-29 16:07:32+00:00,nadamiring,serius nanya pilpres bpk dukung prabowo
1609,2023-05-29 15:53:26+00:00,CayderSackidi,poling pilpres pilih
1630,2023-05-29 15:33:46+00:00,stelacnau,logika kl parpol usung dgn suara sdh tegak lurus dukung knp sampe skrg susah nent
1631,2023-05-29 15:33:22+00:00,TMZull,pilpres sllu cuat knp tdk adil prabowo mahkamah internasional
1639,2023-05-29 15:29:27+00:00,AndiammuliaPd,kalo hitung ulang amp audit investigasi me
1642,2023-05-29 15:27:05+00:00,Cr07fans1,rt pilpres tumbal nyawa tugas kpps ratus nyawa
1655,2023-05-29 15:11:15+00:00,Prakasa_AYP2,pilpres tumbal nyawa tugas kpps ratus nyawa
1663,2023-05-29 15:06:36+00:00,kustono_heri,emang presiden yg ganjar ato prabowo bs atur jkw
1697,2023-05-29 14:34:45+00:00,NangPhiet,pilpres indonesia poling survei menang istana hasil sungguh nan
1699,2023-05-29 14:31:35+00:00,AnderLadeko,lembaga populi center rilis hasil survei kait calon wakil presiden cawapres pilih preside
1716,2023-05-29 14:17:06+00:00,ihdanziga,peta politik pilpres dominasi poros anies baswedan ganjar pranowo prabowo subiant
1719,2023-05-29 14:14:31+00:00,Inul_Ternate,beliau mundur hormat kelas presiden sdh netral yg
1734,2023-05-29 14:05:33+00:00,AdrieMuhammad,kaget pilpres anies pilih presiden elu jual jam tangan kw
1735,2023-05-29 14:05:00+00:00,giribatjo56,duga puan ikhlas
1748,2023-05-29 13:53:49+00:00,sbram01,anis den bokep tp pd pilpres sy pilih prabowo subianto
1750,2023-05-29 13:53:21+00:00,HiJas81817843,pilpres kmaren survey yg menang prabowo
1760,2023-05-29 13:48:05+00:00,yoodongyang,rt mahfud md surat bostapi sayang mahfud md konstelasi
1762,2023-05-29 13:47:14+00:00,actual4e4,selamat emban tugas moga papera jembatan sulit dagang galang dukung
1764,2023-05-29 13:46:46+00:00,arramia,pilpres sdh penuh anies ga nyapr
1765,2023-05-29 13:46:26+00:00,ManroeReinhard,klo tusuk lambang partai sistem tutup pilih sj partai yg focus bs jaga melanjutk
1772,2023-05-29 13:41:42+00:00,Alrobby123,banget sih pilih ganjar pranowo pilpres
1773,2023-05-29 13:39:02+00:00,ahmadshrl30,mantep nih masyarakat puas jokowi
1777,2023-05-29 13:38:04+00:00,arabellaa30,manteplah moga aja menang ganjar pranowo pilpres
1787,2023-05-29 13:32:46+00:00,ahmadshrl30,moga aja ganjar pranowo menang pilpres indonesia
1813,2023-05-29 13:10:47+00:00,ParizonF,rt alhamdulilah moga tular pilpres rakyat rindu ubah insyaallah
1819,2023-05-29 13:06:36+00:00,jelajah4e4,prabowo subianto pilpres nandang sudrajat figur prabowo subianto idola masyarakat
1820,2023-05-29 13:06:25+00:00,jelajah4e4,prabowo subianto pilpres selamat emban tugas moga papera jembatan sulit peda
1825,2023-05-29 13:01:10+00:00,Mahdi_Muntazor,sbg isa almasih pimpin tinggi hakim ma kesah lolos sengketa pem
1831,2023-05-29 12:56:35+00:00,MAP08LGS,tu jokowi utk netral dlm pilpres ak
1841,2023-05-29 12:48:45+00:00,YanFx_TRade,klo udah kek gin klo nnti pilpres pesan lar
1842,2023-05-29 12:48:10+00:00,dyrestun,jujur gua ga sreg sih prabowo gua tuh gampang hasut pas pilpres kemaren
1845,2023-05-29 12:46:39+00:00,surahman_sh,singkir anies pilpres pola fikirnya bangsa negara demokrasi
1847,2023-05-29 12:45:49+00:00,FelixSGL1,gantung putus sih rada sulit rk kader golkar then golkar usung prabowo
1865,2023-05-29 12:34:06+00:00,maju_ahmad,narasi olah oi liat tuh turkey erdogan dlm survey kalah teru
1866,2023-05-29 12:32:49+00:00,kusmansasono4,kang musni semangat coblos pilih sby pilpres sy hormat pilih kang musni
1874,2023-05-29 12:25:01+00:00,andikkurniawan,pdip produktif negasi psi dlm urus pilpres pdip butuh
1882,2023-05-29 12:18:34+00:00,samsudann,tarung ide gimana emang lupa isi tarung ide deba
1891,2023-05-29 12:15:03+00:00,AJazuli5,rt mmg ganjar capres yg idola msyrkt konoha mari polling presiden pil
1892,2023-05-29 12:12:43+00:00,ahdahni,yg mental emis udah kalah pilpres gak malu gabung dg rezim gabung
1893,2023-05-29 12:12:42+00:00,MUSUHKHAWARIJ,hhm sekian photo mas mbak puan makan jalan solo photo pa
1900,2023-05-29 12:08:18+00:00,MessyHairByF,rawan joko widodo jokowi jawa tengah jateng jawa timur jatim dukung ketua umum partai
1906,2023-05-29 12:06:12+00:00,MessyHairByF,jokowi dukung prabowo mega dukung prabowo rejeki prabowo dukung
1907,2023-05-29 12:06:12+00:00,MessyHairByF,ujang menganalisa bg mega mudah jalan prabowo menang perta
1908,2023-05-29 12:06:09+00:00,MessyHairByF,bg doa sehat sukses prabowo pilpres
1909,2023-05-29 12:05:51+00:00,SapardiDj,anies apresiasi fairplay dukung kalang milenial maju pilpres milik rekam jejak
1917,2023-05-29 12:00:43+00:00,hidrogen011,sungguh anies wujud fairplay daerah landas maju pilpres
1918,2023-05-29 12:00:05+00:00,KritingPc,pilpres kandidat prabowo subianto vs anis baswedan cawapres ganjar pranowo da
1924,2023-05-29 11:57:08+00:00,saposikompak,salah unsur pidana minimal alat
1926,2023-05-29 11:56:25+00:00,TinaWat28209246,rt tuhan jgp korupsi si anies pintar silat lidah bahaya
1934,2023-05-29 11:52:42+00:00,suputran21,rt tarung pilpres udah level usia anies ganjar rk sandiaga uno et dll prabowo mah
1949,2023-05-29 11:42:06+00:00,Irwadi70651128,udh segitu beda poling ngapain pilpres yg habis uang negara lantik
1964,2023-05-29 11:35:17+00:00,muhsinsukandar6,gak nama jkw bullying remeh banyk berat jkw mengendor
1972,2023-05-29 11:30:22+00:00,borja_juanborja,dukung pilpres panik kuat ganjar bukti bikin gaduh
1976,2023-05-29 11:28:03+00:00,archcharm,ohh gituu kubu anies kuat pilpres
1977,2023-05-29 11:27:44+00:00,Harumiii_kn,jokowi menang pilpres olah potensi cap
1980,2023-05-29 11:27:25+00:00,akhmad_bumi,rilis lsi denny ja angkat isu tarung pilpres isu ekonomi teritori partai medi
1990,2023-05-29 11:21:51+00:00,Kimberley_2024,teman komen kasar anies ungkit ungkit pilpres selesai kek
1994,2023-05-29 11:20:38+00:00,iam_ayek,siluman suara pilpres yg bikin menang nganu u200d
1995,2023-05-29 11:20:14+00:00,jovlos,makan males bahas pilpres main cukong taipan naga
2006,2023-05-29 11:13:51+00:00,HeruSup80445135,drama turki ulang indonesiapertemuan prabowo anies panggung pilpres
2017,2023-05-29 11:06:53+00:00,TeguhAmirr,sikap fairplaynya anies optimis jalan pilpres mulus
2018,2023-05-29 11:06:04+00:00,Ratnamala01,anies sikap fairplaynya maju pilpres
2020,2023-05-29 11:03:21+00:00,Darrel_Arsenio,yg hak maju pilpres si bas doangok dah bukti
2021,2023-05-29 11:02:24+00:00,sahfad2020,jumat maret info indonesai anies pilpres jalan fairplay reduksi raport demokrasi
2026,2023-05-29 10:59:50+00:00,ariawiraID,anies merosotahy merosotsekalian aja drop kontestasi pilpreswapres ngapain diusu
2030,2023-05-29 10:57:48+00:00,KyaraHumanerror,langkah realisasi pilpres pasang kandidat caprescawapres
2031,2023-05-29 10:57:47+00:00,KyaraHumanerror,dukung probabilitas menang pilpres
2032,2023-05-29 10:57:47+00:00,KyaraHumanerror,konteks pilpres putar upaya bilang serius jokowi prabowo subianto
2038,2023-05-29 10:55:54+00:00,dulbedul911,rawan setia jokowi projo jokowi upaya prabowo ganjar pasang pilpre
2039,2023-05-29 10:55:52+00:00,dulbedul911,sisi publik sikap jokowi kait pilpres jokowi curiga coba main kaki
2040,2023-05-29 10:55:46+00:00,dulbedul911,pascapilpres nalar lawan ubah drastis kawan prabowo putus
2055,2023-05-29 10:46:02+00:00,rasjawa,bagus pilpres kontestan
2059,2023-05-29 10:43:15+00:00,indaho_indah,mba klo pilpres kmrn nyoblos prabowo klo tau kalah jd nambahin suara aja prabowo
2062,2023-05-29 10:41:25+00:00,brojong20,ga bantah pks sumber hoax pilpres prabowo sujud begi
2107,2023-05-29 10:21:27+00:00,laskarpeningit,alhamdulilah moga tular pilpres rakyat rindu ubah insyaall
2118,2023-05-29 10:12:42+00:00,H3Anisa_,ridwan kamil tunggu restu partai golkar restu selepa
2126,2023-05-29 10:10:28+00:00,nicky_kudo,borok anies kalo capres pilpres
2140,2023-05-29 10:01:00+00:00,soffyajkt,responden pilih presiden pilpres laksana nama calon
2141,2023-05-29 10:00:51+00:00,soffyajkt,prabowo subianto tarung pilpres terima deklarasi dukung da
2142,2023-05-29 10:00:51+00:00,soffyajkt,prabowo subianto salah tokoh milik elektabilitas tinggi maju calon presiden
2143,2023-05-29 10:00:48+00:00,soffyajkt,jokowi pilpres prabowo subianto menang terp
2144,2023-05-29 10:00:47+00:00,soffyajkt,prabowo subianto maju calon wakil presiden pasang megawati soekarnoputri pilpr
2145,2023-05-29 10:00:46+00:00,soffyajkt,prabowo subianto kompetitor jokowi pilpres pilpres
2146,2023-05-29 10:00:40+00:00,soffyajkt,susul jokowi tang pilpres prabowo subianto
2147,2023-05-29 10:00:39+00:00,soffyajkt,presiden joko widodo jokowi ketua umum partai gerindra prabowo subianto pem
2151,2023-05-29 09:59:10+00:00,bilyssaputra1,panggil prabowo istana bogor picu curiga rawan setia jokowi projo yaki
2152,2023-05-29 09:59:10+00:00,bilyssaputra1,gibran lolos sanksi gibran sikap hatihati manuver politik sisi
2157,2023-05-29 09:58:03+00:00,soffyajkt,jokowi menang pilpres jatah prabowo subianto prabowo subianto
2165,2023-05-29 09:57:04+00:00,soffyajkt,bukti caci maki sindir hina pilpres dukung usung dim
2166,2023-05-29 09:56:50+00:00,ratih_ploey,mantan rival jokowi pilpres prabowo subianto
2168,2023-05-29 09:56:46+00:00,soffyajkt,andre pilpres anies juru bicara jubir pasang caprescawapres joko widodo jusuf
2170,2023-05-29 09:56:21+00:00,arfar_pas,maap ka tweet lu yg bikin gue gerahka ormas bppkb banten yg pilpres kemarin gue sat
2179,2023-05-29 09:52:56+00:00,artiasdeby3,bentang emper pilkada jakarta alam jam terbang jokowi menang pilpres sesu
2180,2023-05-29 09:52:55+00:00,artiasdeby3,upaya bilang serius jokowi dukung probali
2181,2023-05-29 09:52:54+00:00,artiasdeby3,pangi nilai jokowi pilpres jalan putar prabowo subianto
2182,2023-05-29 09:52:53+00:00,artiasdeby3,menang pilpres kursi presiden wakil presiden
2184,2023-05-29 09:52:48+00:00,artiasdeby3,pangi papar jokowi saham pilpres banding pdip megawati
2185,2023-05-29 09:52:48+00:00,artiasdeby3,dewan pimpin pusat dpp pdip sosok ahmad basarah adi napitupulu koordinator wak
2188,2023-05-29 09:52:23+00:00,arfar_pas,elah bang mulut nyamain anjingabang tau gak ormas bppkb
2204,2023-05-29 09:45:38+00:00,arfar_pas,mas ormas bppkb banten yg menangin ps banten kaya
2205,2023-05-29 09:45:06+00:00,soffyajkt,menteri tahan nilai milik modal sosial maju pilp
2207,2023-05-29 09:45:04+00:00,JuliusWijarnako,sisi publik sikap jokowi kait pilpres prabowo subianto
2211,2023-05-29 09:44:44+00:00,soffyajkt,kelompok rawan jokowi mania joman resmi dukung ketua umum partai gerindra prabo
2214,2023-05-29 09:43:31+00:00,arfar_pas,ormas bppkb banten yg kemarin menangin prabowo banten tin
2219,2023-05-29 09:41:42+00:00,lehon_mangolu,andre syukur pilih jokowi pilpres geser dukung kep
2220,2023-05-29 09:41:38+00:00,lehon_mangolu,alasanalasan rekonsiliasi prabowo jokowi rival pilpres periode gabung
2233,2023-05-29 09:35:57+00:00,golbachgoals,survei smrc asumsi pilih presiden pilpres helat mei cap
2242,2023-05-29 09:35:04+00:00,agent_pin,bangsa kpn maju pilpres hny kutat dg seder
2243,2023-05-29 09:34:41+00:00,dikkambong_,titik terang prabowo menang pilpres anugrah prabowo ujang
2245,2023-05-29 09:34:34+00:00,dikkambong_,bg doa sehat sukses prabowo pilpres prabowo subianto
2252,2023-05-29 09:33:18+00:00,SamsudinBarus,survei catat ubah arah dukung pilih joko widodomaruf amin pilpres figur
2253,2023-05-29 09:33:17+00:00,SamsudinBarus,dukung pilih presiden joko widodo jokowi pilpres calon presiden capres prabo
2263,2023-05-29 09:28:34+00:00,KyaraHumanerror,prabowo sambut maju pilpres prabowo subianto
2264,2023-05-29 09:28:02+00:00,dikkambong_,garda jagat maya bela investigasi ambil tindak hukum cur
2269,2023-05-29 09:25:41+00:00,tono14045,komitmen keras maksimal menang prabowo pilpres
2278,2023-05-29 09:22:15+00:00,SamsudinBarus,waketum partai gelora fahri hamzah sepak terjang kandidat capres jelang pilpres
2282,2023-05-29 09:19:18+00:00,golbachgoals,politik prediksi prabowo tang pilpres putar
2305,2023-05-29 09:15:52+00:00,SamsudinBarus,survei lembaga survei indo strategi kait peta dukung capres jelang pilpres
2311,2023-05-29 09:14:03+00:00,golbachgoals,kabupaten bogor basis pilih prabowo subianto bukti pilih presiden seb
2314,2023-05-29 09:12:45+00:00,golbachgoals,prabowo rencana calon capres pilpres
2315,2023-05-29 09:12:42+00:00,golbachgoals,calon presiden partai gerindra prabowo subianto komitmen maju calon presiden da
2323,2023-05-29 09:10:50+00:00,JuliusWijarnako,parung rawan jokowi mania ubah prabowo mania dukung prabowo subianto pr
2327,2023-05-29 09:08:52+00:00,tondang_t7239,tum partai capres pilpres serang politik
2329,2023-05-29 09:08:34+00:00,benuaandin,pilpres yg pilih rakyat rakyat sdh cerd
2332,2023-05-29 09:07:52+00:00,Designer_AMT,turkiye erdogan kalah survey menang pilpres sem
2335,2023-05-29 09:06:34+00:00,SamsudinBarus,data lembaga survei indo strategi kait peta dukung capres jelang pilpres
2348,2023-05-29 09:04:59+00:00,RD_4WR1212,tani nelayan abang becak set
2354,2023-05-29 09:02:17+00:00,dulbedul911,ssis pilih presiden jokowi pilpres pilih prabowo pilpres prabowo subianto
2356,2023-05-29 09:02:13+00:00,dulbedul911,prabowo potensi menang pilpres prabowo subianto
2357,2023-05-29 09:02:09+00:00,dulbedul911,joko widodo prabowo subianto kuat sinyal dukung jelang pilpres
2367,2023-05-29 08:58:43+00:00,SamsudinBarus,ketua umum joman immanuel ebenezer klaim persen rawan jokowi migrasi prabowo subianto
2401,2023-05-29 08:51:06+00:00,fachriman13,salah effendi gazal nilai pasang potensi menang pilpres prabowo subianto
2402,2023-05-29 08:51:05+00:00,fachriman13,wajar pasang milik potensi maju menang kontestasi pilpres
2403,2023-05-29 08:50:56+00:00,fachriman13,dekan fakultas ilmu administrasi universitas brawijaya andy fefta wijaya faktor bua
2405,2023-05-29 08:50:56+00:00,fachriman13,dosen program pasca sarjana ilmu komunikasi universitas indonesia pasang
2406,2023-05-29 08:50:55+00:00,fachriman13,duet ketua umum partai gerindra prabowo subianto erick thohir nilai pakar komunikasi politik effen
2421,2023-05-29 08:47:48+00:00,bilyssaputra1,tim rawan dukung joko widodo pilpres nama jokowi mania transformasi menja
2428,2023-05-29 08:46:37+00:00,nisarya_,menyakini anies gak pilpres ntah timbul kuat hati
2432,2023-05-29 08:45:45+00:00,tondang_t7239,dukung parpol maju pilpres
2449,2023-05-29 08:43:57+00:00,tondang_t7239,pasang calon pilpres all the
2451,2023-05-29 08:43:39+00:00,tondang_t7239,anies baswedan pilpres presiden jokowi
2471,2023-05-29 08:39:05+00:00,fzfrsyh,pilih prabowo pilih prabowo pilih anies baswedankarena pilih prabowo
2472,2023-05-29 08:38:56+00:00,andystwn4,politik dedi kurnia syah nilai rawan joko widodo jokowi gi
2476,2023-05-29 08:37:14+00:00,EkoPutr86520727,yg jg krn strategi sby maju ahysilvi krn ajar dr pilpres
2478,2023-05-29 08:37:09+00:00,fachriman13,rawan setia jokowi projo jokowi upaya prabowo subianto ganjar pasang
2497,2023-05-29 08:30:30+00:00,fachriman13,rawan jokowi mania joman bogor resmi deklarasi prabowo subianto mania ketua umum prabowo subianto
2501,2023-05-29 08:29:50+00:00,tondang_t7239,libat aktif presiden jokowi cawecawe pilpres
2502,2023-05-29 08:29:44+00:00,tondang_t7239,papar ikhtiar jaga pilpres
2503,2023-05-29 08:29:40+00:00,tondang_t7239,dukung tampil juara kompetisi pilpres
2520,2023-05-29 08:26:10+00:00,rarenkyu,done kak ciku btw curiga johnny maju pilpres bareng ty
2528,2023-05-29 08:24:42+00:00,ri_emery,anies fairplay suka maju pilpres
2529,2023-05-29 08:24:30+00:00,tondang_t7239,joko widodo jokowi pilpres
2538,2023-05-29 08:22:23+00:00,tono14045,jokowi imbang dukung ganjar prabowo
2539,2023-05-29 08:22:22+00:00,tono14045,kuat sinyal dukung jelang pilpres kendatibukan dukung ganja
2544,2023-05-29 08:20:54+00:00,tantrisheryna,kuat sinyal dukung jelang pilpres prabowo subianto
2558,2023-05-29 08:18:17+00:00,pyylahh1,ketua umum projo budi arie setiadi arah jokowi sosok did
2559,2023-05-29 08:17:39+00:00,tono14045,litbang kompas catat suara pasang prabowosandiaga uno pilpres cenderung sebar anies
2580,2023-05-29 08:13:20+00:00,tono14045,elektabilitas prabowo subianto kuat burhanuddin jokowi duet ganjarprabowo
2583,2023-05-29 08:13:03+00:00,frakounibaal_,lu bikin tweet kayak gin indikasi lu takut kalo pilih ani
2584,2023-05-29 08:12:49+00:00,tantrisheryna,prabowo capres menteri pilpres prabowo subianto
2585,2023-05-29 08:12:46+00:00,tantrisheryna,cenderung dukung jokowi pilpres sorot publik prabowo subianto
2590,2023-05-29 08:12:29+00:00,tantrisheryna,dukung calon presiden koalisi bangkit indonesia raya prabowo subianto pilpres
2594,2023-05-29 08:11:38+00:00,nashrajumaani,sungguh pilpres prabowo menang nih baca dehhh seru tau
2604,2023-05-29 08:09:08+00:00,AjaMaulana68,hasil poling capres yg kalah pilpres ganjar prabowo anies
2609,2023-05-29 08:06:37+00:00,erick140451997,informasi survei smrc asumsi pilih presiden pilpres
2623,2023-05-29 08:02:07+00:00,baeminariii,gw kemarin coblos pakde kek pilpres nnti gw dukung prabowo kalo anis ga kalo ganjar gw ragu
2627,2023-05-29 08:01:12+00:00,erick140451997,rawan jokowi mania ubah prabowo mania dukung prabowo subianto presiden pa
2630,2023-05-29 08:00:43+00:00,sthefanieau_,lengah fokus konsentrasi jaga praktik politik yan
2632,2023-05-29 08:00:13+00:00,JOE38109899,ngaruh gibran pilpres wkwk iye gibran ngruh kubu yg tinggal jatim
2651,2023-05-29 07:53:38+00:00,tantrisheryna,presiden joko widodo jokowi kerap ajak ketua umum partai gerindra prabowo subianto kunjung kerjany
2654,2023-05-29 07:52:20+00:00,Bayanaka_2020,nasdem demokrat syarat pt poros pilpres golkar pdi gerindra koalisi ubah
2660,2023-05-29 07:51:26+00:00,quantum2110,woyyy drungak bodoin kek prabowo wkt pilpressudahlahhdata
2661,2023-05-29 07:51:19+00:00,MurtadoSaja,rt buah usul coba andasmrc bikin polling twitter pilih masyarakatrak
2665,2023-05-29 07:49:08+00:00,harrispradana_,palagi rawan setia jokowi projo jokowi upaya prabowo subianto ganjar pasang
2678,2023-05-29 07:47:00+00:00,senikahirupan,prabowo salah periode jokowi adil langgar ham
2688,2023-05-29 07:44:43+00:00,sthefanieau_,milik citacita provinsi jawa timur menang pilpres capai angka persen
2691,2023-05-29 07:44:00+00:00,tondang_t7239,menang ganjar pranowo presiden pilpres
2704,2023-05-29 07:41:36+00:00,manaf_ramli,maaf prabowo pilpres jatah prabowo jokowi sambut ria
2733,2023-05-29 07:36:50+00:00,manaf_ramli,said nilai jokowi sunti semangat prabowo maju ajang pilpres
2734,2023-05-29 07:36:47+00:00,manaf_ramli,dukung jokowi kelakar pilpres jatah prabowo
2735,2023-05-29 07:36:47+00:00,manaf_ramli,presiden joko widodo jokowi dukung prabowo subianto maju pilpres tang
2736,2023-05-29 07:36:42+00:00,manaf_ramli,jokowi pilpres dukung ganjar prabowo airlangga capres
2764,2023-05-29 07:32:44+00:00,manaf_ramli,prabowo ganjar tiket pilpres dukung prabowogan
2765,2023-05-29 07:32:44+00:00,Harumiii_kn,budi arie prinsip projo tunggu arah kait sosok pilih pilpres prabowo subianto
2766,2023-05-29 07:32:44+00:00,manaf_ramli,alas bubar gp mania ganjar maju pilpres
2770,2023-05-29 07:30:50+00:00,neinaadella07,sekjen partai gerindra ahmad muzani harap doa presiden joko widodo jokowi sinyal dukung untu
2774,2023-05-29 07:29:51+00:00,AGoeci,megawati tolol pilih prabowo pasang pilpres
2778,2023-05-29 07:29:06+00:00,leavemeffs,asa inti aja deh jokowi milih wapres dimenitmenit akh
2783,2023-05-29 07:27:48+00:00,oceisntok,anies kalo ga pilih pilpres plis banget gubernur jakarta lt
2785,2023-05-29 07:27:24+00:00,tondang_t7239,pilpres dukung calon prabowo subianto prabowo
2786,2023-05-29 07:26:40+00:00,IndonesiaRahayu,ganjar gibran juru kampanye pilpres lengkap
2795,2023-05-29 07:25:48+00:00,mingskyyy_,uji dukung joman prabowo minimal alternatif rawan jokowi dukunga
2796,2023-05-29 07:25:47+00:00,mingskyyy_,milu pilpres putus dukung capres
2797,2023-05-29 07:25:45+00:00,mingskyyy_,utama maju pilpres prabowo subianto
2798,2023-05-29 07:25:44+00:00,mingskyyy_,prabowo rival jokowi gelar pilpres tahun prabowo subianto
2799,2023-05-29 07:25:43+00:00,mingskyyy_,salah elemen rawan dukung jokowi jokowi mania joman putus dukung prabowo subianto
2806,2023-05-29 07:22:50+00:00,dikkambong_,noel jokowi mania otomatis dukung prabowo pilpres
2811,2023-05-29 07:22:19+00:00,dikkambong_,sepakat dukung prabowo maju pilpres noel belah prabowo
2812,2023-05-29 07:22:17+00:00,dikkambong_,berita immanuel ebenezer alias noel deklarasi prabowo mania dukung ketua umum
2813,2023-05-29 07:22:07+00:00,dikkambong_,resmi dukung ketua umum partai gerindra prabowo subianto pilih presiden pilpres
2819,2023-05-29 07:21:21+00:00,manaf_ramli,kelompok rawan jokowi gibran deklarasi dukung prabowo capres
2820,2023-05-29 07:21:20+00:00,maxximall,simulasi menang pilpres ganjar gibran menang anies gibran menang prabowo gibran
2821,2023-05-29 07:21:18+00:00,manaf_ramli,noel rawan menang jokowi pilpres barusan solid dukung prabowo
2822,2023-05-29 07:21:13+00:00,manaf_ramli,bantah persen rawan jokowi bahumembahu pilpres bulat
2823,2023-05-29 07:21:12+00:00,manaf_ramli,pria akrab panggil noel mayoritas dukung jokowi pilpres duk
2824,2023-05-29 07:21:06+00:00,manaf_ramli,rawan jokowi mania deklarasi prabowo mania dukung prabowo subianto pilpres
2833,2023-05-29 07:19:45+00:00,maulananih,wkwkwkwk maaf ngga muja anies dukung penuh anies maju pilpres
2834,2023-05-29 07:19:42+00:00,srisusilawati52,balut nada canda jokowi prabowo menang pilpres
2835,2023-05-29 07:19:40+00:00,srisusilawati52,jokowi lempar sinyal dukung prabowo maju calon presiden pilih preside
2848,2023-05-29 07:17:34+00:00,mingskyyy_,noel dukung alih ganjar prabowo benci sosok
2849,2023-05-29 07:17:32+00:00,mingskyyy_,hasil survei prabowo subianto potensi pasang ganjar pranowo
2850,2023-05-29 07:17:30+00:00,mingskyyy_,dukung penuh prabowo ganjar pranowo pilpres
2855,2023-05-29 07:16:25+00:00,manaf_ramli,eksodus besarbesaran rawan dukung joko widodo prabowo subianto pilpres tanda jok
2858,2023-05-29 07:15:12+00:00,maspapsss,izin bang pilpres pilkada yg emg gencar main politik
2863,2023-05-29 07:14:55+00:00,frmnsyh55775493,survei politika researching amp consulting prc kait pilpres catat elektabilitas prabowo subianto ala
2875,2023-05-29 07:12:26+00:00,Populi_Center,calon presiden dukung kuat sosok ganjar pranowo prabowo subianto sosok calon wakil
2888,2023-05-29 07:10:31+00:00,frmnsyh55775493,prabowo daulat wiranto juang menang pilih presiden pilpres
2910,2023-05-29 07:03:30+00:00,tondang_t7239,wakil presiden pilpres milik dukung minimal kursi dpr ri
2934,2023-05-29 06:56:57+00:00,rezapang_,menhan prabowo maju calon presiden pilpres koalisike
2972,2023-05-29 06:47:53+00:00,PancakeRebus,hahaha ga hubung anies pilpres pileg
2981,2023-05-29 06:47:30+00:00,Hendrirdh,ga salah silah pilpres anies
2983,2023-05-29 06:47:27+00:00,rezapang_,elite gerindra bocor isi bicara jokowi prabowo istana bogor bahas pilpres koalisikebangsaan
2993,2023-05-29 06:45:19+00:00,Sujono44271368,teriak teriak jegal begal anies pilpres lemah
3014,2023-05-29 06:41:57+00:00,rezapang_,sekjen muzani gagas duet prabowo ganjar pilpres timbul kerumit ko
3021,2023-05-29 06:39:56+00:00,hanifyahyaasya3,kentara arah grup pilpres
3026,2023-05-29 06:38:57+00:00,rezapang_,sumber daya ekonomi milik prabowo erick menang pilpres uj
3031,2023-05-29 06:37:57+00:00,rezapang_,pasang prabowoerick thohir nilai sukri pasang ideal maju menang pilpres
3032,2023-05-29 06:37:26+00:00,rezapang_,prabowo erick gabung efek positif pilpres sukri koalisike
3037,2023-05-29 06:36:26+00:00,rezapang_,kombinasi tum gerindra prabowo subiantomenteri bumn erick thohir efek positif pilpres
3041,2023-05-29 06:35:56+00:00,rezapang_,akademisi pasang prabowoerick thohir efek positif pilpres koalisikebangsaan dekade mendingprabowo terusmajubersamaprabowo
3062,2023-05-29 06:29:56+00:00,rezapang_,pasang prabowoerick pasang ideal maju menang pilpres sukri koali
3065,2023-05-29 06:29:26+00:00,rezapang_,prabowo erick gabung sukri efek positif pilpres koalisikebangsaa
3069,2023-05-29 06:26:54+00:00,bprakosha,anies ramal kalah dlm pilgub dki erdogan ramal kalah dlm survey pilpr
3070,2023-05-29 06:26:49+00:00,ProoFaris29119,bhw capres yg dukung golong gk menang dlm kontestasi pilpres
3078,2023-05-29 06:24:00+00:00,ChebonxInsyaf,peristiwa pilgub dki ulang pilpres wkwkwkwkwk
3081,2023-05-29 06:23:34+00:00,AnneRossa2,survey baca rezim calon pilpres
3084,2023-05-29 06:22:56+00:00,rezapang_,gerindra jawa timur pasang target menang persen jatim prabowo subianto pilpres mend
3085,2023-05-29 06:22:26+00:00,rezapang_,gerindra jatim target prabowo menang persen pilpres koalisikebangsaan dekade mendingprabowo terusmajubersamaprabowo
3106,2023-05-29 06:16:05+00:00,Dakenwolve,ni bohir yg jatah modal dah biaya prabowo maju pilpres tekor
3114,2023-05-29 06:11:55+00:00,rezapang_,prabowo maju calon presiden pilpres koalisikebangsaa
3127,2023-05-29 06:07:17+00:00,AkbarN2314,dukung prabowo pilpres
3138,2023-05-29 06:02:25+00:00,rezapang_,elite gerindra bocor isi bicara jokowiprabowo istana bogor bahas pilpres koalisikebangsaan deka
3144,2023-05-29 05:59:53+00:00,neinaadella07,dpc papera majalengka deklarasi dukung prabowo subianto pilpres prabowo subianto
3151,2023-05-29 05:58:04+00:00,seasoxns,anies rawan dukung fairplay sokong pilpres
3154,2023-05-29 05:56:55+00:00,rezapang_,muzani gagas duet prabowo ganjar pilpres timbul kerumit koalisike
3155,2023-05-29 05:56:52+00:00,deckytrianto,inshaallah ganjar menang pilpres
3157,2023-05-29 05:56:50+00:00,neinaadella07,ujang menganalisa budi gunawan megawati mudah jalan prabowo
3163,2023-05-29 05:53:55+00:00,rezapang_,sumber daya ekonomi milik prabowo erick menang pilpres ka
3166,2023-05-29 05:52:55+00:00,rezapang_,pasang prabowoerick nilai sukri pasang ideal maju menang pilpres koali
3176,2023-05-29 05:51:24+00:00,rezapang_,kombinasi ketua umum gerindra prabowo subiantomenteri bumn erick thohir efek positif pilpres
3180,2023-05-29 05:50:54+00:00,rezapang_,akademisi pasang prabowoerick efek positif pilpres koalisikebangsaan dekade mendingprabowo terusmajubersamaprabowo
3194,2023-05-29 05:46:43+00:00,BThangke,survey abal anies urut buncit rezim oligarki menghadang anie
3199,2023-05-29 05:44:48+00:00,R_GUN4W4N,wajar pilpres dukung prabowo konsisten st
3201,2023-05-29 05:44:29+00:00,AkbarN2314,tum gerindra prabowo subianto pilpres
3202,2023-05-29 05:44:27+00:00,AkbarN2314,pilpres kamarudin urus kader jari raya
3215,2023-05-29 05:40:33+00:00,Dullah46440634,rt negara kacau jabat yg pura pua bela uang rakyat yg bela me
3216,2023-05-29 05:40:25+00:00,Dullah46440634,negara kacau jabat yg pura pua bela uang rakyat yg bela aka
3223,2023-05-29 05:37:29+00:00,pyylahh1,saiful mujani research and consulting smrc rilis hasil survei kait pilpres catat ele
3232,2023-05-29 05:30:49+00:00,zainalarifin083,mahfud md surat bostapi sayang mahfud md konstelasi
3242,2023-05-29 05:27:27+00:00,denmaspudji,rt selesai pilpres
3267,2023-05-29 05:19:00+00:00,sanngkar,anies alam berani fairplay maju pilpres
3270,2023-05-29 05:16:56+00:00,hyati6481,main pilpres ni
3278,2023-05-29 05:15:18+00:00,putriphinass,anies anggap benci sah koridor fairplay kait pilpres
3287,2023-05-29 05:11:37+00:00,itsatiwhere,doa anies dukung pilpres jalan fairplay
3303,2023-05-29 05:04:15+00:00,Singokaryo45,sejarah pilpres amp bukti menang polling medsos kalah
3324,2023-05-29 04:57:49+00:00,zukri42751981,kubu anis manfaat bodoh kadrun dgn bikin polling kadrun goblok yg gak ngerti
3327,2023-05-29 04:55:10+00:00,serigala_satu,sepak terjang kandidat capres jelang pilpres
3335,2023-05-29 04:54:03+00:00,zukri42751981,kubu anis manfaat bodoh kadrun dgn bikin polling kadrun goblok yg gak ngerti ap
3337,2023-05-29 04:53:29+00:00,PoetraNKRI45,erdogan menang pilpres putar lembaga survey
3347,2023-05-29 04:51:00+00:00,AkbarN2314,anies baswedan pilpres data lawan partai gerindra
3406,2023-05-29 04:34:37+00:00,AKU_dgn3putra,sus layak damping anies pilpres
3411,2023-05-29 04:34:00+00:00,Adek_Sanusi,waktu sengketa pilpres lawyer prabowo gak bocor tuh putus
3426,2023-05-29 04:30:00+00:00,AndriK14567,motivasi milenial gen calon presiden partai gerindra prabowo subianto ma
3433,2023-05-29 04:28:42+00:00,serigala_satu,cak imin jokowi cenderung dukung prabowo pilpres
3456,2023-05-29 04:26:14+00:00,AndriK14567,rawan tekad juang penuh prabowo pilpres
3459,2023-05-29 04:25:22+00:00,changkaligus,pilih anies calon negara caibneg mantap pilih ganjar pilpres
3469,2023-05-29 04:21:21+00:00,AndriK14567,komunitas pemuda bumi cenderawasih papua dukung ketua umum partai gera indonesia raya
3470,2023-05-29 04:21:07+00:00,AndriK14567,dukung dagang pasar wilayah timur jawa timur dukung prabowo pilpres
3471,2023-05-29 04:21:07+00:00,AndriK14567,dukung prabowo subianto pilpres alir kalang masyarakat indonesi
3474,2023-05-29 04:20:25+00:00,safrudinryo,lha bener yg bandingin anies vs prabowo vs ganj
3489,2023-05-29 04:16:09+00:00,AndriK14567,repro komitmen dukung prabowo subianto pilpres negara kuat prabowo su
3493,2023-05-29 04:13:59+00:00,eherryani,rt lambe waras dampak menang erdogan pilpres turkey cipta panik disonoh serang upaya men
3495,2023-05-29 04:12:56+00:00,SerigalaEmpat,kuat baris songsong pilpres kader gerindra wajib juang
3500,2023-05-29 04:11:39+00:00,AndriK14567,kelompok masyarakat gabung rawan deklarasi dukung prabowo subianto abdul muhai
3507,2023-05-29 04:08:50+00:00,LovelyMen0105,narasi beda yah prof erdogan presiden kuasa jd bs make kuasa utk pen
3512,2023-05-29 04:07:40+00:00,SerigalaEmpat,solid dukung prabowo subianto pilpres
3514,2023-05-29 04:07:38+00:00,SerigalaEmpat,menang prabowo pilpres
3515,2023-05-29 04:07:33+00:00,SerigalaEmpat,menang prabowo sandi pilpres kemarin
3529,2023-05-29 04:04:56+00:00,ConstantinusMi,damping prabowo pilpres prabowo subianto
3539,2023-05-29 04:01:22+00:00,mbahkun62316623,pilpres pilih prabowo eh yg gabung lawan ahh
3558,2023-05-29 03:57:33+00:00,SerigalaEmpat,dpr ri dukung prabowo subianto pilpres
3583,2023-05-29 03:53:27+00:00,DSimarmata,jelang pileg pilpres bangun demokrasi ekonomi pasal uu
3597,2023-05-29 03:47:16+00:00,SerigalaEmpat,songsong helat pilpres
3598,2023-05-29 03:47:11+00:00,SerigalaEmpat,sedia beliau maju pilpres tahun
3603,2023-05-29 03:46:00+00:00,daniel_jacqui,gw paham sih anies gaung fairplay pilpres males susah juang kalo curang
3676,2023-05-29 03:31:48+00:00,_farhanwjy,menhan prabowo maju calon presiden pilpres
3678,2023-05-29 03:31:31+00:00,Catuk4,indonesia moga menang pilpres
3689,2023-05-29 03:30:07+00:00,Inul_Ternate,beda jegal dgn riuh dukung medsos upaya pencegalan meliba
3718,2023-05-29 03:26:02+00:00,SerigalaEmpat,maju calon presiden pilih presiden pilpres
3757,2023-05-29 03:22:17+00:00,_farhanwjy,elite gerindra bocor isi bicara jokowi prabowo istana bogor bahas pilpres
3768,2023-05-29 03:21:33+00:00,SerigalaEmpat,jokowi maju pilpres
3773,2023-05-29 03:21:20+00:00,SerigalaEmpat,rawan projo tegak lurus putus sikap jokowi pilpres
3774,2023-05-29 03:21:17+00:00,SerigalaEmpat,usung jokowi dukung rawan pilpres
3879,2023-05-29 03:16:47+00:00,_farhanwjy,sekjen muzani gagas duet prabowo ganjar pilpres timbul kerumit
3981,2023-05-29 03:12:17+00:00,_farhanwjy,prabowo erick gabung efek positif pilpres sukri
4004,2023-05-29 03:10:50+00:00,hidungkebas,surpa surpe gin kalo sampe pilpres kaya
4006,2023-05-29 03:10:47+00:00,_farhanwjy,akademisi pasang prabowoerick thohir efek positif pilpres
4022,2023-05-29 03:10:14+00:00,Singokaryo45,sejarah pilpres amp bukti menang polling medsos kalah duni
4045,2023-05-29 03:08:56+00:00,SerigalaEmpat,helat pilpres jokowi bangsa
4086,2023-05-29 03:04:47+00:00,_farhanwjy,pasang prabowoerick pasang ideal maju menang pilpres sukri
4087,2023-05-29 03:04:46+00:00,Rahfel26,juang amunisi yg pd pks nasdem rebut kurs
4096,2023-05-29 03:04:16+00:00,_farhanwjy,prabowo erick gabung sukri efek positif pilpres
4108,2023-05-29 03:03:48+00:00,zainyubi,anues org yg oh iya anies mmg org yg tdk rakyat dg
4117,2023-05-29 03:03:27+00:00,AbimanyuWay,pikir ntar pilpres waktu pilkada dki yg non sen tdk magkn krn na
4132,2023-05-29 03:02:38+00:00,SerigalaEmpat,dukung prabowo subianto pilpres
4135,2023-05-29 03:02:32+00:00,SerigalaEmpat,elegan pilpres
4138,2023-05-29 03:02:29+00:00,SerigalaEmpat,prabowo bukti jiwa beliau kalah pilpres
4173,2023-05-29 02:58:31+00:00,newbie0217,sipp gosah takut pilpres lawan anies
4182,2023-05-29 02:57:16+00:00,_farhanwjy,gerindra jatim target prabowo menang persen pilpres
4247,2023-05-29 02:47:41+00:00,Lionelbarcalope,tokoh potensi capres pilpres ganjar pranowo prabowo subianto anies baswedan
4248,2023-05-29 02:47:40+00:00,Lionelbarcalope,survei smrc pilih pilih kritis tokoh potensi calon presiden capres pilpres
4252,2023-05-29 02:47:12+00:00,agungbudikrist1,rt yg hebat yg menang milu pilpres jitu sah rakyat
4253,2023-05-29 02:46:57+00:00,sumpanto,rt pinter ngapa prabowo subianto pasang cah solo gibran puan maharani umpan airlan
4255,2023-05-29 02:46:45+00:00,_farhanwjy,prabowo maju calon presiden pilpres
4260,2023-05-29 02:46:24+00:00,sumpanto,pinter ngapa prabowo subianto pasang cah solo gibran puan maharani umpan
4283,2023-05-29 02:43:04+00:00,soboalasku,hasil survey ubah pilih rkyat indonesia pilpres amp pileg
4290,2023-05-29 02:42:30+00:00,sisca789,jk smua partai dukung anies cm
4298,2023-05-29 02:41:03+00:00,twiterlitte,pola pilpres poros ganjar prabowo aniesyang menang putar ganjar prabowo
4314,2023-05-29 02:39:20+00:00,Bud_Cavalera,anis gak nolak pildun tuch yg usung anis dipilgub dki prabowo krn sakit hati
4333,2023-05-29 02:37:14+00:00,_farhanwjy,elite gerindra bocor isi bicara jokowiprabowo istana bogor bahas pilpres
4454,2023-05-29 02:31:44+00:00,_farhanwjy,muzani gagas duet prabowo ganjar pilpres timbul kerumit
4530,2023-05-29 02:28:24+00:00,budiono8520,pilpres pilih jokowiga alas knp sy pilih gpnyalinya ragu
4548,2023-05-29 02:27:43+00:00,_farhanwjy,pasang prabowoerick nilai sukri pasang ideal maju menang pilpres
4573,2023-05-29 02:25:43+00:00,_farhanwjy,akademisi pasang prabowoerick efek positif pilpres
4595,2023-05-29 02:18:41+00:00,bakpiyu,kalo parpol sepakat pilpres fairplay sih gak black campaign anies
4600,2023-05-29 02:16:56+00:00,keknian2,kalo pilpres moga saing anies sikap fairplay amin
4606,2023-05-29 02:15:10+00:00,Mukaertopo,biar merosot anies menang pilpres pilgub dki anies
4613,2023-05-29 02:13:54+00:00,wangkyberdikari,perempuan emak emak kalang relatif jijik film porno perempuan
4614,2023-05-29 02:13:33+00:00,aleeshpa,sih dukung anies seru selenggara pilpres fairplay
4632,2023-05-29 02:07:00+00:00,Ikhwan_Jr,rt analisa akdemisi pilpres gantung formatur yg maju capres capres capr
4636,2023-05-29 02:05:29+00:00,flowerjekey,anies pilpres fairplay
4637,2023-05-29 02:04:25+00:00,DeaRismaCW,moga pilpres fairplay moga anies pilih pimpin indonesia
4654,2023-05-29 01:57:45+00:00,HelmiAdnanz,emang bener ganjar wowo kalah pilpre
4671,2023-05-29 01:50:34+00:00,abu_waras,lambe waras dampak menang erdogan pilpres turkey cipta panik disonoh serang
4740,2023-05-29 01:29:46+00:00,sbram01,prabowo subianto baguspengambil putus karna bel
4760,2023-05-29 01:23:09+00:00,Njnnh26,gera persepsi menang pilpres ganjar
4767,2023-05-29 01:21:17+00:00,ManimaiG,prabowo gus menang pilpres
4783,2023-05-29 01:14:21+00:00,Mukaertopo,biar survei anies yg menang pilpres
4786,2023-05-29 01:12:41+00:00,bfitrikananda,pas pilpres pilih pilih
4795,2023-05-29 01:11:31+00:00,r7olles,mantap uda optimis anies menang pilpres
4798,2023-05-29 01:10:30+00:00,EkoPutr86520727,pilih partai utk pilih capres bu dokter dr sdh cium
4816,2023-05-29 01:05:07+00:00,jondiljonson,tarik perhati jelang pilpres urus survey yg produk survey pas
4818,2023-05-29 01:04:49+00:00,BrandyB28890640,rt aja rakyat takut si anies menang blm pilpres aja partai usung udah korupsi duit negara
4879,2023-05-29 00:48:53+00:00,fakhranrahmat_,bijak pilih pilih syukur milu kemarin
4892,2023-05-29 00:45:47+00:00,truemalau,hasil survey gak nih mas bro salah strategi mentok segitu
4917,2023-05-29 00:41:14+00:00,syarifuddina3,lengser jalan pilpres pilih antitese jo
4934,2023-05-29 00:35:39+00:00,zainalarifin083,rezim oligarki itutapi capres bertand
4966,2023-05-29 00:22:55+00:00,GembrixNv,th mrk yg dukung bowo kalah pilpres sdh loh rugi gk main
4970,2023-05-29 00:21:33+00:00,ElizarIrnold,knp kuasa mati jegal anies ga jd nyapres klo anies kalah
4986,2023-05-29 00:17:19+00:00,tubanesse_man,denny caper aja manfaat momen musim panas politik indonesia kalah pilkada kalsel de
4989,2023-05-29 00:16:05+00:00,puji_setyanto,ayo menang bpk anies rasyid baswedan dlm pilpres thn
